IndicatorCode,HEPATITIS_DEATHS_RATE,HEPATITIS_HBV_ADDEDTEST_ANC_PERCENT,HEPATITIS_HBV_ADDEDTEST_ANC_PERCENT,HEPATITIS_HBV_ADDEDTEST_ANC_PERCENT,HEPATITIS_HBV_DEATHS_NUM,HEPATITIS_HBV_DIAGNOSED_NUM,HEPATITIS_HBV_DIAGNOSIS_PERINFECTED_PER100,HEPATITIS_HBV_INFECTIONS_NEW_NUM,HEPATITIS_HBV_LIVINGWITH_NUM,HEPATITIS_HBV_PREVALENCE_PER100,HEPATITIS_HBV_TESTING_ANC_PERCENT,HEPATITIS_HBV_TESTING_ANC_PERCENT,HEPATITIS_HBV_TESTING_ANC_PERCENT,HEPATITIS_HBV_TESTPOSITIVE_ANC_PERCENT,HEPATITIS_HBV_TESTPOSITIVE_ANC_PERCENT,HEPATITIS_HBV_TESTPOSITIVE_ANC_PERCENT,HEPATITIS_HBV_TREATMENT_ANC_PERCENT,HEPATITIS_HBV_TREATMENT_ANC_PERCENT,HEPATITIS_HBV_TREATMENT_ANC_PERCENT,HEPATITIS_HBV_TREATMENT_NUM,HEPATITIS_HBV_TREATMENT_PERDIAGNOSED_PER100,HEPATITIS_HBV_TREATMENT_PERINFECTED_PER100,HEPATITIS_HCV_DEATHS_NUM,HEPATITIS_HCV_DIAGNOSED_CRD_NUM,HEPATITIS_HCV_DIAGNOSED_NUM,HEPATITIS_HCV_DIAGNOSIS_PERINFECTED_CRD_PER100,HEPATITIS_HCV_INFECTIONS_NEW_NUM,HEPATITIS_HCV_LIVINGWITH_CRD_NUM,HEPATITIS_HCV_LIVINGWITH_NUM,HEPATITIS_HCV_PREVALENCE_PER100,HEPATITIS_HCV_TESTING_HIV_PERCENT,HEPATITIS_HCV_TESTING_HIV_PERCENT,HEPATITIS_HCV_TESTING_HIV_PERCENT,HEPATITIS_HCV_TESTING_HIV_PERCENT,HEPATITIS_HCV_TESTING_PWID_PERCENT,HEPATITIS_HCV_TESTING_PWID_PERCENT,HEPATITIS_HCV_TESTING_PWID_PERCENT,HEPATITIS_HCV_TESTING_PWID_PERCENT,HEPATITIS_HCV_TREATMENT_CUM_NUM,HEPATITIS_HCV_TREATMENT_CUM_PERINFECTED_CRD_PER100,HEPATITIS_HCV_TREATMENT_HIV_PERCENT,HEPATITIS_HCV_TREATMENT_HIV_PERCENT,HEPATITIS_HCV_TREATMENT_HIV_PERCENT,HEPATITIS_HCV_TREATMENT_HIV_PERCENT,HEPATITIS_HCV_TREATMENT_INITIATED_NUM,HEPATITIS_HCV_TREATMENT_PERDIAGNOSED_PER100,HEPATITIS_HCV_TREATMENT_PWID_PERCENT,HEPATITIS_HCV_TREATMENT_PWID_PERCENT,HEPATITIS_HCV_TREATMENT_PWID_PERCENT,HEPATITIS_HCV_TREATMENT_PWID_PERCENT,HEPB_HBSAG_CARRIER,HEPB_HBSAG_CARRIER,PRISON_D4_HEPB_DIAG_TOT,PRISON_D4_HEPC_DIAG_TOT,SDGHEPHBSAGPRV,SDGHEPHBSAGPRV,WHS4_117,WHS4_117,WHS4_117,WHS4_117,WHS4_117,WHS4_117,WHS4_117,WHS4_117,WHS4_117,WHS4_117,WHS4_117,WHS4_117,WHS4_117,WHS4_117,WHS4_117,WHS4_117,WHS4_117,WHS4_117,WHS4_117,WHS4_117,WHS4_117,WHS4_117,WHS4_117,WHS4_117,WHS4_117
YEAR,2022,2021,2022,2023,2022,2022,2022,2022,2022,2022,2021,2022,2023,2021,2022,2023,2021,2022,2023,2022,2022,2022,2022,2022,2022,2022,2022,2022,2022,2022,2020,2021,2022,2023,2020,2021,2022,2023,2022,2022,2020,2021,2022,2023,2022,2022,2020,2021,2022,2023,2015,2020,2020,2020,2015,2020,2000,2001,2002,2003,2004,2005,2006,2007,2008,2009,2010,2011,2012,2013,2014,2015,2016,2017,2018,2019,2020,2021,2022,2023,2024
COUNTRY,,,,,,,,,,,,,,,,,,,,,,,,,,,,,,,,,,,,,,,,,,,,,,,,,,,,,,,,,,,,,,,,,,,,,,,,,,,,,,,,,
AFG,5.9,,,,1613.0,85658.0,11.0,5225.0,748800.0,1.8,,,,,,,,,,17093.0,20.0,2.0,784.0,30476.0,27779.0,14.0,5781.0,214696.0,211999.0,0.2,,,,0.01,,,,,2838.0,1.0,,,,100.0,21.0,9.0,,,,100.0,193.5,303.09999999999997,,,0.8,0.9450000000000001,0.0,0.0,0.0,0.0,0.0,0.0,0.0,63.0,64.0,63.0,66.0,68.0,67.0,64.0,62.0,64.0,66.0,64.0,68.0,65.0,61.0,55.0,58.0,60.0,59.0
AFR,,,,,,,,,,,,,,,,,,,,,,,,,,,,,,,,,,,,,,,,,,,,,,,,,,,,40232.0,,,3.0,4.655,5.0,5.0,24.0,28.0,34.0,41.0,45.0,62.0,66.0,72.0,70.0,70.0,69.0,68.0,70.0,70.0,73.0,74.0,75.0,76.0,74.0,73.0,72.0,75.0,76.0
AGO,45.25,,,,14992.0,73091.0,3.0,51873.0,2715233.0,7.6,,17.2,33.6,,9.8,4.6,,6.3,37.8,7551.0,10.0,0.0,1132.0,24237.0,24227.0,13.0,5443.0,182962.0,182952.0,0.5,,,,,,,,,11.0,0.0,,,,,0.0,0.0,,,,,1290.0,1807.8999999999999,,,7.15,7.385,0.0,0.0,0.0,0.0,0.0,0.0,0.0,43.0,45.0,47.0,49.0,50.0,52.0,54.0,55.0,57.0,59.0,58.0,67.0,64.0,59.0,55.0,54.0,66.0,64.0
ALB,28.55,,,,691.0,7385.0,4.0,90.0,185474.0,6.5,,,,,,,,,,186.0,3.0,0.0,102.0,8264.0,4319.0,33.0,363.0,24957.0,21012.0,0.9,1.4,3.7,100.0,100.0,,,,,4152.0,17.0,,,,,389.0,50.0,,,,,137.0,108.0,31.0,26.0,5.3500000000000005,3.89,96.0,96.0,96.0,97.0,99.0,98.0,98.0,98.0,99.0,98.0,99.0,99.0,99.0,99.0,99.0,99.0,99.0,99.0,99.0,99.0,98.0,98.0,97.0,97.0,97.0
AMR,,,,,,,,,,,,,,,,,,,,,,,,,,,,,,,,,,,,,,,,,,,,,,,,,,,,3275.0,,,0.2,0.355,70.0,72.0,75.0,84.0,86.0,89.0,90.0,89.0,89.0,91.0,90.0,90.0,91.0,89.0,89.0,88.0,88.0,82.0,82.0,79.0,81.0,80.0,83.0,86.0,85.0
AND,4.57,,,,2.0,116.0,31.0,0.0,376.0,0.5,,,,,,,,,,35.0,30.0,9.0,2.0,262.0,119.0,68.0,3.0,384.0,241.0,0.3,,,,,,,,,150.0,39.0,,,,,10.0,57.0,,,,,0.0,0.2,,,0.35,0.23500000000000001,84.0,84.0,84.0,81.0,77.0,79.0,84.0,91.0,97.0,96.0,96.0,99.0,97.0,94.0,95.0,94.0,94.0,98.0,98.0,98.0,98.0,98.0,96.0,97.0,97.0
ARE,9.07,,,,518.0,2294.0,3.0,25.0,84818.0,0.9,,,,,,,,,,44.0,2.0,0.0,396.0,78086.0,75679.0,47.0,7168.0,167660.0,165254.0,1.5,61.4,6.9,0.9,18.0,,,,,2533.0,2.0,0.0,50.0,100.0,42.9,141.0,3.0,,,,,26.0,26.85,,,0.35,0.28,92.0,92.0,92.0,92.0,92.0,92.0,92.0,92.0,92.0,93.0,94.0,95.0,96.0,98.0,99.0,99.0,99.0,98.0,99.0,98.0,91.0,95.0,95.0,96.0,93.0
ARG,6.11,,,,250.0,33583.0,43.0,152.0,78142.0,0.2,,,,,,,,,,2033.0,6.0,3.0,2526.0,25349.0,12213.0,8.0,875.0,306981.0,293845.0,0.7,,,,,,,,,13827.0,5.0,,,,,920.0,55.0,,,,,14.0,64.4,,,0.05,0.14500000000000002,0.0,0.0,66.0,90.0,94.0,88.0,84.0,85.0,90.0,94.0,94.0,91.0,91.0,94.0,94.0,94.0,92.0,86.0,86.0,83.0,74.0,81.0,84.0,66.0,75.0
ARM,16.97,,,,185.0,3644.0,15.0,19.0,23704.0,0.8,,,,,,,,,,100.0,3.0,0.0,319.0,16586.0,6612.0,54.0,48.0,30719.0,20745.0,0.7,37.1,6.0,3.8,2.9,,23.3,33.3,13.6,10499.0,34.0,82.4,76.9,60.0,57.4,934.0,63.0,66.7,80.0,50.0,52.9,32.5,26.650000000000002,15.0,308.0,1.2,0.93,55.0,69.0,91.0,93.0,91.0,91.0,78.0,85.0,89.0,93.0,94.0,95.0,95.0,95.0,93.0,94.0,94.0,94.0,92.0,92.0,92.0,93.0,96.0,94.0,94.0
ATG,9.67,0.0,,,5.0,97.0,7.0,5.0,1472.0,1.6,100.0,100.0,,0.7,1.1,,0.0,1.1,,4.0,4.0,0.0,4.0,228.0,208.0,38.0,8.0,595.0,575.0,0.6,,,,,,,,,21.0,4.0,,,,,1.0,9.0,,,,,0.5,0.55,,,0.8,0.64,0.0,96.0,99.0,99.0,97.0,99.0,99.0,97.0,98.0,98.0,98.0,99.0,98.0,99.0,99.0,99.0,92.0,95.0,95.0,99.0,95.0,92.0,99.0,98.0,99.0
AUS,5.63,,,,960.0,169688.0,78.0,222.0,217931.0,0.7,,,,,,,,,,23787.0,14.0,11.0,505.0,211587.0,105104.0,100.0,1091.0,204418.0,97936.0,0.4,,,,,,,,,112087.0,55.0,,,,,8100.0,53.0,,,,,56.0,91.25,,,0.35,0.42,0.0,94.0,95.0,95.0,95.0,95.0,95.0,94.0,94.0,94.0,92.0,92.0,92.0,91.0,91.0,93.0,94.0,95.0,95.0,95.0,95.0,95.0,94.0,94.0,95.0
AUT,,,,,,,,,,,,,,,,,,,,,,,,,,,,42392.0,30720.0,0.3,,,,,,,,,12286.0,29.0,,,,,877.0,,,,,,44.0,41.0,245.0,824.0,0.65,0.53,33.0,44.0,81.0,83.0,83.0,86.0,83.0,85.0,83.0,83.0,86.0,89.0,92.0,95.0,98.0,93.0,87.0,90.0,85.0,88.0,85.0,86.0,84.0,87.0,85.0
AZE,9.62,,,,,,,,,,,,,,,,,,,,,,,,,,,,,,100.0,100.0,100.0,100.0,100.0,,100.0,100.0,,,,,,,,,,,,,109.0,103.7,,,1.25,1.05,0.0,0.0,50.0,51.0,50.0,49.0,52.0,62.0,68.0,74.0,80.0,79.0,75.0,74.0,74.0,76.0,77.0,74.0,73.0,72.0,56.0,49.0,51.0,51.0,51.0
BDI,23.03,,,,1532.0,12362.0,4.0,2100.0,302315.0,2.3,,,,,,,,,,590.0,5.0,0.0,1536.0,31585.0,26477.0,7.0,7043.0,430103.0,424996.0,3.3,,,,,,,,,5376.0,1.0,,,,,189.0,17.0,,,,,382.0,344.04999999999995,,,4.5,3.45,0.0,0.0,0.0,0.0,83.0,87.0,92.0,99.0,92.0,94.0,96.0,96.0,96.0,96.0,95.0,94.0,94.0,91.0,90.0,93.0,93.0,94.0,91.0,89.0,89.0
BEL,,,,,,,,,,,,,,,,,,,,2000.0,,,,,,,,,16178.0,0.1,,,,,,,,,,,,,,,1000.0,,,,,,33.5,31.45,,,0.4,0.315,60.0,60.0,60.0,64.0,64.0,77.0,94.0,94.0,98.0,97.0,97.0,97.0,98.0,98.0,98.0,98.0,97.0,97.0,97.0,97.0,97.0,97.0,97.0,97.0,97.0
BEN,13.54,,,,1241.0,4568.0,0.0,10139.0,1352927.0,11.2,,99.1,3.5,,0.2,1.4,,,100.0,307.0,7.0,0.0,622.0,23946.0,23674.0,20.0,4284.0,120355.0,120082.0,0.9,,,,,,,,,287.0,0.0,,,,,36.0,1.0,,,,,643.0,588.45,,,8.3,6.0649999999999995,0.0,0.0,15.0,73.0,75.0,70.0,74.0,82.0,75.0,79.0,76.0,75.0,80.0,77.0,74.0,74.0,78.0,76.0,74.0,72.0,70.0,70.0,69.0,69.0,63.0
BFA,26.05,,,,5258.0,4884.0,0.0,7307.0,1089924.0,4.8,,,,,,,,,,637.0,13.0,0.0,605.0,40685.0,36813.0,14.0,6194.0,293151.0,289279.0,1.2,,,,,,,,,4076.0,1.0,,100.0,,,428.0,10.0,,,,,977.5,718.4,,,7.199999999999999,4.13,0.0,0.0,0.0,0.0,0.0,0.0,76.0,89.0,93.0,92.0,91.0,91.0,90.0,88.0,91.0,91.0,91.0,91.0,91.0,91.0,91.0,91.0,91.0,91.0,91.0
BGD,18.37,,,,,,,,,,,,,,,,,,,,,,,,,,,,,,,,,,,,,,,,,,,,,,,,,,3326.5,2410.6499999999996,,,2.7,1.6949999999999998,0.0,0.0,0.0,5.0,11.0,45.0,86.0,95.0,96.0,97.0,94.0,96.0,94.0,96.0,97.0,98.0,98.0,98.0,98.0,98.0,98.0,97.0,97.0,97.0,97.0
BGR,,,,,,,,,,,,,,,,,,,,2792.0,,,,,,,,,62610.0,0.9,,,,,,,,,,,,,,,641.0,,,,,,86.5,73.75,,,1.3499999999999999,1.105,94.0,93.0,88.0,96.0,94.0,96.0,96.0,95.0,96.0,96.0,95.0,96.0,95.0,95.0,95.0,92.0,91.0,92.0,85.0,93.0,91.0,89.0,91.0,92.0,94.0
BHR,5.87,,,,29.0,494.0,4.0,8.0,13246.0,0.9,,,81.2,,,0.2,,,,267.0,54.0,2.0,61.0,2731.0,2074.0,16.0,172.0,16606.0,15949.0,1.1,,,,,,,,,692.0,4.0,,,,0.0,45.0,25.0,,,,,4.0,4.4,,,0.4,0.27,97.0,99.0,98.0,98.0,98.0,98.0,98.0,97.0,97.0,98.0,99.0,99.0,99.0,99.0,98.0,98.0,99.0,98.0,99.0,99.0,98.0,98.0,97.0,99.0,96.0
BHS,9.88,,,,23.0,423.0,7.0,21.0,6437.0,1.6,,,,,,,,,,15.0,4.0,0.0,16.0,998.0,909.0,38.0,37.0,2604.0,2515.0,0.6,,,,,,,,,94.0,4.0,,,,,6.0,9.0,,,,,2.0,1.8,,,0.65,0.545,0.0,21.0,89.0,88.0,93.0,93.0,96.0,93.0,90.0,95.0,98.0,95.0,96.0,97.0,96.0,95.0,94.0,94.0,90.0,89.0,83.0,86.0,87.0,87.0,90.0
BIH,13.96,,,,331.0,3229.0,4.0,168.0,80462.0,2.5,,,,,,,,,,639.0,20.0,1.0,116.0,9562.0,4914.0,34.0,412.0,28468.0,23820.0,0.6,,,,,,,,,4893.0,17.0,,,,,443.0,51.0,,,,,42.5,51.4,11.0,50.0,1.25,1.8699999999999999,0.0,0.0,0.0,0.0,36.0,93.0,90.0,94.0,88.0,90.0,89.0,88.0,92.0,91.0,89.0,82.0,78.0,77.0,80.0,81.0,80.0,79.0,78.0,77.0,82.0
BLR,23.08,91.6,94.4,100.0,1485.0,14390.0,4.0,858.0,374583.0,3.9,99.6,99.2,99.0,0.2,0.2,0.2,,100.0,100.0,694.0,5.0,0.0,645.0,57967.0,48119.0,27.0,3322.0,213514.0,203665.0,2.1,91.3,89.7,93.4,76.5,,79.1,,,10367.0,5.0,100.0,100.0,100.0,100.0,5980.0,18.0,,100.0,100.0,100.0,92.0,449.05,,,1.05,4.89,70.0,93.0,99.0,56.0,99.0,99.0,98.0,91.0,98.0,98.0,96.0,98.0,97.0,98.0,97.0,99.0,96.0,98.0,98.0,97.0,97.0,98.0,98.0,97.0,98.0
BLZ,8.23,,0.0,0.0,17.0,2093.0,44.0,5.0,4711.0,1.2,,63.9,71.6,,0.7,1.0,,0.0,0.0,14.0,1.0,0.0,16.0,255.0,170.0,10.0,37.0,2589.0,2504.0,0.6,,,1.3,,,,,,90.0,3.0,100.0,,100.0,,6.0,35.0,100.0,,,,8.0,6.8,,,2.75,1.99,76.0,96.0,97.0,96.0,97.0,96.0,98.0,96.0,94.0,97.0,96.0,95.0,98.0,95.0,95.0,94.0,95.0,88.0,96.0,98.0,79.0,83.0,84.0,85.0,88.0
BOL,1.46,,,,65.0,4339.0,15.0,207.0,29398.0,0.2,,,,,,,,,,305.0,7.0,1.0,111.0,1078.0,900.0,5.0,292.0,21007.0,20829.0,0.3,,,,,,,,,187.0,1.0,,,,,85.0,17.0,,,,,31.5,35.45,,,0.4,0.365,77.0,77.0,77.0,80.0,84.0,85.0,83.0,84.0,88.0,93.0,91.0,95.0,93.0,87.0,85.0,89.0,87.0,84.0,83.0,75.0,68.0,70.0,69.0,67.0,59.0
BRA,2.64,,,,2578.0,354686.0,34.0,642.0,1038564.0,0.5,,,,,,,,,,41628.0,11.0,4.0,2977.0,248579.0,91133.0,36.0,4028.0,693314.0,535868.0,0.3,,,,,,,,,165733.0,24.0,7.39,,,,16186.0,67.0,10.3,,,,569.5,630.25,,,0.3,0.31,94.0,91.0,92.0,97.0,96.0,98.0,99.0,99.0,96.0,99.0,96.0,98.0,96.0,96.0,96.0,96.0,89.0,82.0,87.0,72.0,77.0,68.0,77.0,90.0,90.0
BRB,9.55,,,,16.0,290.0,7.0,14.0,4422.0,1.6,,,83.6,,,0.2,,,,11.0,4.0,0.0,11.0,686.0,624.0,39.0,25.0,1781.0,1718.0,0.6,82.1,34.0,79.7,62.9,0.0,,,,66.0,4.0,0.0,,0.0,0.0,4.0,10.0,0.0,,,,1.5,1.5,,,0.65,0.61,0.0,18.0,66.0,91.0,93.0,92.0,84.0,93.0,85.0,93.0,86.0,91.0,87.0,91.0,94.0,97.0,97.0,90.0,95.0,90.0,85.0,82.0,86.0,85.0,94.0
BRN,15.3,,,,43.0,4252.0,,1.0,6074.0,1.4,,100.0,100.0,,0.2,0.2,,,,1184.0,28.0,19.0,26.0,2197.0,1135.0,92.0,9.0,2380.0,1318.0,0.3,,,,,,,,,1118.0,47.0,,,,0.0,83.0,51.0,,,,,5.0,5.1,,,1.2999999999999998,1.215,99.0,99.0,99.0,99.0,99.0,99.0,99.0,97.0,96.0,96.0,96.0,93.0,99.0,98.0,99.0,99.0,99.0,99.0,99.0,99.0,99.0,99.0,99.0,99.0,99.0
BTN,5.51,,,100.0,34.0,1132.0,10.0,14.0,11774.0,1.6,,100.0,99.9,,0.67,0.5,,,100.0,100.0,9.0,1.0,9.0,383.0,271.0,20.0,43.0,1959.0,1847.0,0.2,,,,,,,,,118.0,6.0,,,,,2.0,31.0,,,,,17.5,12.850000000000001,,,2.55,1.73,98.0,89.0,83.0,95.0,89.0,95.0,95.0,95.0,96.0,93.0,91.0,95.0,97.0,97.0,99.0,99.0,98.0,98.0,97.0,97.0,96.0,98.0,98.0,99.0,98.0
BWA,51.6,,,,1165.0,22965.0,16.0,645.0,146254.0,5.6,,,,,,,,,,204.0,1.0,0.0,94.0,2560.0,2488.0,24.0,145.0,10762.0,10690.0,0.4,,,,,,,,,75.0,1.0,,,,,11.0,3.0,,,,,16.0,9.65,,,0.75,0.49,86.0,87.0,88.0,90.0,91.0,92.0,93.0,93.0,94.0,94.0,95.0,95.0,95.0,95.0,95.0,95.0,95.0,95.0,95.0,95.0,95.0,95.0,86.0,95.0,95.0
CAF,58.36,,,0.0,2876.0,15659.0,2.0,12204.0,644304.0,11.5,4.1,,3.7,17.4,,8.5,,,78.8,2446.0,16.0,0.0,100.0,2129.0,2128.0,14.0,410.0,15036.0,15035.0,0.3,,,,,,,,,1.0,0.0,,,,,0.0,0.0,,,,,273.0,196.65,,,8.399999999999999,5.66,0.0,0.0,0.0,0.0,0.0,0.0,0.0,0.0,0.0,42.0,45.0,47.0,47.0,23.0,45.0,43.0,42.0,42.0,40.0,38.0,37.0,35.0,33.0,40.0,42.0
CAN,8.06,,,,445.0,153722.0,71.0,98.0,215840.0,,,,,,,,,,,18006.0,12.0,8.0,2692.0,191286.0,112299.0,91.0,663.0,209367.0,130380.0,0.3,,,,,,,,,83144.0,40.0,,,,,6843.0,43.0,,,,,409.5,212.4,,,1.6,0.7250000000000001,0.0,0.0,0.0,14.0,14.0,14.0,14.0,14.0,28.0,42.0,56.0,70.0,70.0,55.0,55.0,69.0,70.0,71.0,71.0,84.0,84.0,84.0,83.0,83.0,83.0
CHE,5.01,,,,265.0,37292.0,60.0,15.0,61665.0,0.7,,,,,,,,,,3052.0,8.0,5.0,175.0,33948.0,18673.0,75.0,584.0,45063.0,29788.0,0.4,,,,,,,,,16079.0,36.0,,,,,1018.0,47.0,,,,,8.0,8.2,,,0.2,0.16999999999999998,0.0,0.0,0.0,0.0,0.0,0.0,0.0,0.0,0.0,0.0,0.0,0.0,0.0,0.0,0.0,0.0,0.0,69.0,69.0,69.0,72.0,73.0,76.0,80.0,86.0
CHL,0.11,,,,7.0,1607.0,6.0,8.0,24880.0,0.1,,,,,,,,,,652.0,41.0,3.0,14.0,6319.0,5387.0,20.0,203.0,32286.0,31353.0,0.2,2.7,4.3,1.6,2.7,0.0,0.0,0.0,0.0,982.0,3.0,40.1,,32.0,55.6,87.0,16.0,0.0,,0.0,0.0,80.0,19.25,,,0.6,0.115,0.0,0.0,0.0,0.0,0.0,0.0,95.0,92.0,95.0,94.0,92.0,94.0,90.0,90.0,95.0,96.0,95.0,93.0,95.0,96.0,93.0,95.0,96.0,96.0,95.0
CHN,33.53,,,,,,,,,,99.7,99.9,99.5,,4.75,4.77,,,,,,,,,,,,,,,,,,,,,,,,,,,,,,,,,,,49775.5,43817.65,,,4.0,3.15,60.0,65.0,70.0,75.0,79.0,84.0,91.0,92.0,95.0,99.0,99.0,99.0,99.0,99.0,99.0,99.0,99.0,99.0,99.0,99.0,99.0,99.0,99.0,96.0,96.0
CIV,40.73,,,,11487.0,32975.0,2.0,6986.0,2155631.0,10.0,,,,,,,,,,1205.0,4.0,0.0,892.0,15964.0,15665.0,8.0,4653.0,211413.0,211114.0,0.7,,,,,,,,,315.0,0.0,,,,,315.0,2.0,,,,,744.0,1481.15,,,4.55,7.0649999999999995,0.0,10.0,48.0,63.0,67.0,77.0,77.0,76.0,74.0,81.0,79.0,62.0,82.0,75.0,73.0,79.0,87.0,83.0,83.0,79.0,72.0,73.0,73.0,79.0,77.0
CMR,16.42,,,,3505.0,30960.0,2.0,14763.0,1617773.0,11.5,,,49.9,,,,,,,3167.0,10.0,0.0,1032.0,30561.0,12925.0,17.0,3725.0,175178.0,157542.0,0.6,,,,,,,,,18564.0,11.0,,,,,2077.0,61.0,,,,,552.5,915.15,,,3.1500000000000004,4.1850000000000005,0.0,0.0,0.0,0.0,0.0,79.0,81.0,82.0,84.0,80.0,84.0,82.0,85.0,76.0,76.0,76.0,78.0,74.0,68.0,67.0,68.0,71.0,71.0,75.0,77.0
COD,7.65,,,,5185.0,67691.0,2.0,105240.0,2785244.0,2.8,,,,,,,,,,10210.0,15.0,0.0,2643.0,57925.0,57901.0,13.0,13104.0,432523.0,432499.0,0.4,,,,0.2,,,,,25.0,0.0,,,,31.8,0.0,0.0,,,,,1316.5,5085.2,,,2.3,7.029999999999999,0.0,0.0,0.0,0.0,0.0,0.0,0.0,65.0,68.0,71.0,60.0,70.0,71.0,71.0,73.0,70.0,70.0,71.0,71.0,73.0,70.0,65.0,65.0,60.0,65.0
COG,36.66,,,,2022.0,8013.0,2.0,3808.0,329697.0,5.5,,,,,,,,,,1359.0,17.0,0.0,190.0,4064.0,4062.0,13.0,913.0,30458.0,30456.0,0.5,,,,,,,,,2.0,0.0,,,,,0.0,0.0,,,,,235.0,258.0,,,6.8,5.765000000000001,0.0,0.0,0.0,0.0,0.0,0.0,0.0,64.0,73.0,75.0,74.0,70.0,62.0,65.0,71.0,64.0,57.0,57.0,66.0,79.0,69.0,74.0,78.0,78.0,78.0
COK,32.34,,,,4.0,56.0,,12.0,980.0,5.8,,,,,,,,,,1.0,2.0,0.0,1.0,16.0,16.0,10.0,4.0,170.0,170.0,1.0,,,,,,,,,0.0,0.0,,,,,0.0,0.0,,,,,0.0,0.15,,,0.85,1.355,98.0,93.0,93.0,93.0,99.0,99.0,99.0,99.0,99.0,82.0,99.0,93.0,98.0,98.0,99.0,99.0,99.0,99.0,99.0,98.0,89.0,81.0,72.0,86.0,75.0
COL,0.16,,,62.1,54.0,37365.0,12.0,277.0,307755.0,0.6,,,55.9,,,0.16,,,,2914.0,8.0,1.0,27.0,36694.0,31236.0,12.0,3646.0,314618.0,309159.0,0.6,87.3,91.4,92.8,93.0,90.6,96.2,91.7,90.0,5745.0,2.0,78.1,91.1,17.3,25.5,486.0,16.0,0.0,,9.1,0.0,308.5,313.15000000000003,,,0.75,0.6849999999999999,78.0,80.0,78.0,92.0,89.0,93.0,93.0,94.0,92.0,92.0,88.0,85.0,92.0,91.0,90.0,91.0,91.0,92.0,92.0,92.0,88.0,87.0,87.0,90.0,89.0
COM,24.29,,,,182.0,3100.0,7.0,230.0,42135.0,5.0,18.0,,,3.0,,,25.0,,,246.0,8.0,1.0,21.0,956.0,671.0,16.0,117.0,5825.0,5539.0,0.7,,,,,,,,,300.0,5.0,,,,,87.0,31.0,,,,,18.0,22.65,,,3.15,3.105,0.0,0.0,0.0,28.0,77.0,68.0,69.0,75.0,81.0,83.0,74.0,83.0,86.0,83.0,80.0,80.0,75.0,79.0,77.0,78.0,74.0,72.0,78.0,75.0,75.0
CPV,66.89,,,,329.0,475.0,1.0,98.0,62371.0,10.5,,,,,,,,,,24.0,5.0,0.0,19.0,390.0,330.0,9.0,98.0,4437.0,4377.0,0.7,,,,,,,,,63.0,1.0,,,,,7.0,16.0,,,,,13.5,19.2,,,2.95,3.58,0.0,0.0,40.0,66.0,91.0,93.0,95.0,96.0,98.0,98.0,98.0,90.0,94.0,93.0,95.0,93.0,96.0,96.0,98.0,96.0,93.0,93.0,93.0,93.0,93.0
CRI,0.0,,,,0.0,1621.0,19.0,2.0,8520.0,2.0,,,,,,,,,,66.0,4.0,1.0,0.0,4375.0,3574.0,15.0,308.0,28637.0,27836.0,0.5,,,,,,,,,843.0,3.0,,,,,56.0,19.0,,,,,29.0,10.350000000000001,,,0.7,0.21000000000000002,89.0,80.0,94.0,86.0,89.0,90.0,88.0,89.0,89.0,87.0,89.0,84.0,91.0,94.0,91.0,92.0,97.0,97.0,98.0,94.0,91.0,87.0,94.0,98.0,99.0
CUB,1.15,100.0,0.0,100.0,41.0,4847.0,7.0,3.0,65742.0,0.6,99.2,100.0,100.0,0.0,100.0,0.0,0.0,0.0,9.1,221.0,5.0,0.0,86.0,32088.0,31474.0,59.0,1184.0,54080.0,53466.0,0.5,95.3,85.1,89.3,7.2,0.0,0.0,0.0,0.0,646.0,1.0,84.8,91.9,100.0,94.7,45.0,2.0,0.0,0.0,0.0,0.0,54.0,43.85,,,0.5,0.4,98.0,98.0,98.0,99.0,99.0,95.0,89.0,93.0,95.0,96.0,96.0,96.0,96.0,96.0,97.0,99.0,99.0,99.0,99.0,99.0,99.0,99.0,99.0,99.0,99.0
CYP,,,,,,,,,,,,,,,,,,,,,,,,,,,,,1353.0,0.2,,,,,,,,,,,,,,,,,,,,,10.0,10.5,0.0,13.0,1.15,1.03,89.0,89.0,88.0,88.0,88.0,88.0,93.0,93.0,93.0,96.0,96.0,96.0,96.0,96.0,96.0,97.0,97.0,97.0,97.0,94.0,94.0,94.0,95.0,95.0,94.0
CZE,,,,,,,,,,,,,,,,,,,,,,,,,,,,,66794.0,0.6,94.8,,,,87.5,,,,,,,,,,,,,,,,71.0,42.15,34.0,570.0,0.8500000000000001,0.455,0.0,0.0,86.0,92.0,98.0,99.0,98.0,99.0,99.0,99.0,99.0,99.0,99.0,99.0,99.0,97.0,96.0,94.0,96.0,97.0,96.0,94.0,94.0,90.0,86.0
DEU,,,,,,,0.0,,246000.0,0.3,,,,,,,,,,31400.0,,13.0,,,,,,,196671.0,0.2,,,,,,,,,88000.0,,,,,,6000.0,,,,,,276.5,396.8,,,0.44999999999999996,0.575,84.0,86.0,87.0,90.0,88.0,90.0,87.0,86.0,87.0,88.0,88.0,87.0,87.0,87.0,87.0,87.0,88.0,88.0,88.0,88.0,88.0,87.0,85.0,85.0,85.0
DJI,11.32,,,,101.0,4552.0,7.0,725.0,61866.0,5.5,,,,,,,,,,352.0,8.0,1.0,28.0,1284.0,899.0,17.0,157.0,7773.0,7388.0,0.7,,,,,,,,,405.0,5.0,,,,,116.0,32.0,,,,,16.0,26.5,,,2.0,2.795,0.0,0.0,0.0,0.0,0.0,0.0,0.0,25.0,88.0,89.0,88.0,87.0,81.0,82.0,78.0,84.0,68.0,76.0,84.0,85.0,70.0,59.0,59.0,72.0,77.0
DMA,10.8,,0.0,,4.0,76.0,7.0,4.0,1142.0,1.6,,100.0,59.2,,0.0,0.0,,0.0,,4.0,5.0,0.0,3.0,179.0,169.0,38.0,7.0,466.0,456.0,0.6,,,,,,,,,10.0,2.0,,,,,0.0,6.0,,,,,0.0,0.55,,,0.8,0.87,0.0,0.0,0.0,0.0,0.0,0.0,7.0,93.0,96.0,99.0,98.0,98.0,97.0,97.0,97.0,98.0,99.0,91.0,94.0,99.0,97.0,92.0,82.0,56.0,90.0
DNK,,,,,,,0.0,,14548.0,0.2,,,,,,,,,,,,0.0,,,,,,,9975.0,0.2,,,,,,,,,,,,,,,,,,,,,23.5,23.900000000000002,,,0.8,0.7350000000000001,0.0,0.0,0.0,0.0,0.0,0.0,0.0,0.0,0.0,0.0,0.0,0.0,0.0,0.0,0.0,0.0,0.0,0.0,0.0,0.0,0.0,0.0,0.0,0.0,0.0
DOM,10.04,,,,750.0,16689.0,9.0,281.0,175955.0,1.6,,,,,,,,,,603.0,4.0,0.0,377.0,7203.0,7203.0,12.0,537.0,62536.0,62536.0,0.6,,,,,,,,,,0.0,,,,,1485.0,0.0,,,,,80.0,69.1,,,0.9,0.68,68.0,66.0,63.0,79.0,82.0,87.0,84.0,81.0,81.0,80.0,83.0,80.0,74.0,80.0,89.0,81.0,80.0,81.0,84.0,87.0,81.0,83.0,87.0,90.0,86.0
DZA,8.4,,,,2020.0,48227.0,8.0,709.0,588849.0,1.3,,,,,,,,,,900.0,2.0,0.0,1802.0,86989.0,71474.0,30.0,5150.0,288704.0,273188.0,0.6,,,,,,,,,16332.0,6.0,,,,,1450.0,19.0,,,,,352.5,500.25,,,1.0,1.175,0.0,0.0,0.0,0.0,81.0,83.0,80.0,90.0,91.0,94.0,95.0,95.0,95.0,95.0,95.0,95.0,91.0,91.0,91.0,88.0,84.0,81.0,77.0,94.0,92.0
ECU,3.32,,,,429.0,8244.0,8.0,251.0,108234.0,0.6,,,5.2,,,0.3,,,,37.0,0.0,0.0,164.0,1587.0,1325.0,5.0,430.0,30845.0,30583.0,0.6,,0.0,,0.4,,,,,276.0,1.0,,0.0,,,126.0,17.0,,,,,112.0,126.55,,,0.85,0.76,36.0,69.0,75.0,82.0,88.0,92.0,96.0,94.0,93.0,91.0,90.0,88.0,88.0,87.0,83.0,78.0,83.0,85.0,85.0,85.0,70.0,68.0,70.0,70.0,70.0
EGY,7.72,,,,1407.0,30424.0,6.0,1778.0,952159.0,1.0,,,100.0,,,0.1,,,,16198.0,46.0,3.0,7288.0,8282690.0,4438967.0,100.0,9708.0,4328245.0,484523.0,0.4,100.0,100.0,100.0,100.0,,0.0,0.0,,4046024.0,93.0,,,,,5000.0,49.0,,,,,945.5,806.9499999999999,,,1.4,0.875,98.0,99.0,97.0,98.0,97.0,98.0,98.0,98.0,97.0,97.0,97.0,96.0,93.0,97.0,94.0,93.0,95.0,94.0,95.0,95.0,94.0,96.0,97.0,96.0,97.0
EMR,,,,,,,,,,,,,,,,,,,,,,,,,,,,,,,,,,,,,,,,,,,,,,,,,,,,10062.0,,,1.6,1.7449999999999999,36.0,38.0,39.0,61.0,61.0,66.0,68.0,72.0,72.0,71.0,72.0,76.0,75.0,78.0,79.0,79.0,81.0,82.0,83.0,84.0,81.0,81.0,84.0,80.0,79.0
ERI,26.09,,,,799.0,12552.0,7.0,775.0,170611.0,4.6,,,,,,,,,,62.0,0.0,0.0,90.0,4215.0,2954.0,16.0,515.0,25633.0,24372.0,0.7,,,,,,,,,1327.0,5.0,,,,,382.0,31.0,,,,,51.0,80.25,,,1.2999999999999998,2.7,0.0,0.0,86.0,91.0,84.0,96.0,94.0,95.0,95.0,95.0,95.0,94.0,94.0,94.0,94.0,95.0,95.0,95.0,95.0,95.0,95.0,95.0,95.0,95.0,95.0
ESP,,,,,,,,,,,,,,,,,,,,,,,,,,,,,54676.0,0.1,,,,,,,,,161125.0,,,,,,7045.0,,,,,,134.5,165.05,,535.0,0.4,0.415,77.0,83.0,82.0,81.0,97.0,96.0,97.0,96.0,97.0,96.0,97.0,97.0,96.0,95.0,96.0,97.0,97.0,95.0,96.0,95.0,94.0,93.0,95.0,93.0,94.0
EST,,,,,,3273.0,,,,,,,,,,,,,,,0.0,,,,,,,,12423.0,0.9,,,,,,,,,,,,,,,,,,,,,7.0,11.35,3.0,558.0,0.75,0.995,0.0,0.0,0.0,0.0,90.0,95.0,95.0,95.0,94.0,95.0,94.0,94.0,94.0,93.0,93.0,91.0,93.0,92.0,93.0,91.0,90.0,84.0,83.0,82.0,81.0
ETH,29.77,,,,33867.0,368883.0,5.0,32926.0,7660095.0,6.2,54.9,56.6,63.955,1.4,1.25,0.921,65.8,,78.857,1254.0,0.0,0.0,3465.0,53548.0,45331.0,8.0,13490.0,700145.0,691928.0,0.5,,,40.9,17.691,,,,,8649.0,1.0,,,39.2,74.123,10646.0,16.0,,,,,3014.0,2955.55,,,4.15,3.25,0.0,0.0,0.0,0.0,0.0,0.0,0.0,47.0,52.0,56.0,61.0,65.0,62.0,59.0,61.0,62.0,64.0,65.0,62.0,61.0,62.0,63.0,63.0,70.0,73.0
EUR,,,,,,,,,,,,,,,,,,,,,,,,,,,,,,,,,,,,,,,,,,,,,,,,,,,,9101.5,,,0.4,1.095,43.0,50.0,63.0,68.0,73.0,75.0,75.0,78.0,77.0,78.0,78.0,79.0,80.0,81.0,81.0,82.0,82.0,84.0,85.0,92.0,91.0,91.0,91.0,91.0,91.0
FIN,,,,,,7873.0,,,,,,,,,,,,,,,0.0,,,,,,,,25650.0,0.5,,,,,,,,,,,,,,,1910.0,,,,,,30.5,27.400000000000002,,,1.1,0.88,0.0,0.0,0.0,0.0,0.0,0.0,0.0,0.0,0.0,0.0,0.0,0.0,0.0,0.0,0.0,0.0,0.0,0.0,0.0,0.0,0.0,0.0,0.0,0.0,0.0
FJI,14.84,,,,133.0,380.0,2.0,37.0,16113.0,1.7,,,,,,,,,,3.0,1.0,0.0,3.0,76.0,76.0,11.0,10.0,700.0,700.0,0.1,,,,,,,,,0.0,0.0,,,,,0.0,0.0,,,,,9.5,12.600000000000001,,,1.25,1.4649999999999999,98.0,98.0,99.0,99.0,99.0,99.0,99.0,99.0,98.0,99.0,98.0,99.0,99.0,99.0,99.0,99.0,95.0,91.0,94.0,97.0,99.0,98.0,98.0,97.0,93.0
FRA,,,,,,,0.0,,135706.0,0.3,,,,,,,,,,,,0.0,,,,,,,142921.0,0.3,,,,,,,,,,,,,,,5997.0,,,,,,6.5,258.75,,3248.0,0.0,0.465,26.0,28.0,29.0,28.0,35.0,35.0,39.0,42.0,47.0,51.0,64.0,74.0,78.0,82.0,83.0,88.0,90.0,91.0,90.0,92.0,95.0,96.0,96.0,96.0,96.0
FSM,40.06,,,,40.0,475.0,,22.0,8328.0,7.3,,,,,,,,,,1.0,0.0,0.0,5.0,114.0,114.0,11.0,30.0,1050.0,1050.0,1.0,,,,,,,,,0.0,0.0,,,,,0.0,0.0,,,,,2.0,2.3,,,2.2,2.1950000000000003,87.0,81.0,85.0,89.0,80.0,91.0,84.0,90.0,89.0,89.0,88.0,83.0,82.0,83.0,81.0,78.0,76.0,80.0,83.0,84.0,88.0,79.0,75.0,85.0,85.0
GAB,40.04,,,0.0,314.0,2300.0,1.0,1435.0,169379.0,5.2,17.7,48.1,86.8,0.9,2.1,0.7,,,,379.0,16.0,0.0,659.0,2405.0,2400.0,2.0,2847.0,103267.0,103262.0,4.3,2.9,3.0,17.5,4.0,0.0,0.0,,,6.0,0.0,100.0,3.4,,,0.0,0.0,0.0,0.0,,,83.5,83.30000000000001,,,6.65,4.65,0.0,0.0,0.0,0.0,0.0,28.0,52.0,75.0,82.0,79.0,67.0,75.0,82.0,79.0,70.0,80.0,75.0,75.0,70.0,70.0,63.0,75.0,60.0,70.0,61.0
GBR,0.59,,,,,90983.0,19.0,,,,,,,,,,,,,,45.0,8.0,397.0,0.0,,0.0,,92900.0,92900.0,0.2,,,,,,,,,,0.0,,,,,,,,,,,77.0,168.8,,,0.2,0.43999999999999995,0.0,0.0,0.0,0.0,0.0,0.0,0.0,0.0,0.0,0.0,0.0,0.0,0.0,0.0,0.0,0.0,0.0,0.0,0.0,93.0,93.0,93.0,92.0,92.0,92.0
GEO,12.07,77.6,78.0,62.0,265.0,20075.0,26.0,132.0,78000.0,2.4,90.0,87.8,93.5,1.0,1.0,1.0,,,,50.0,0.0,0.0,183.0,178977.0,101504.0,100.0,60.0,126073.0,48600.0,2.3,95.5,98.2,95.6,67.0,96.9,94.6,91.8,56.9,81550.0,65.0,94.0,36.6,100.0,62.5,4432.0,46.0,92.2,34.8,100.0,66.7,42.5,33.7,45.0,320.0,1.2,0.87,55.0,61.0,51.0,48.0,64.0,79.0,84.0,94.0,89.0,54.0,95.0,89.0,92.0,96.0,91.0,94.0,92.0,91.0,93.0,94.0,88.0,85.0,85.0,93.0,90.0
GHA,46.97,,,,13910.0,20007.0,1.0,10325.0,2865177.0,9.0,,,,,,,,92.2,,800.0,4.0,0.0,1659.0,20848.0,19200.0,5.0,10714.0,444445.0,442797.0,1.3,,,,,,,,,1735.0,0.0,,,,,1066.0,8.0,,,,,1255.5,1438.3500000000001,,,6.1,5.550000000000001,0.0,0.0,80.0,80.0,80.0,84.0,84.0,94.0,93.0,94.0,94.0,91.0,92.0,90.0,98.0,89.0,93.0,99.0,97.0,97.0,94.0,98.0,99.0,95.0,95.0
GIN,42.4,,,,5520.0,10508.0,1.0,22313.0,1379599.0,10.0,,,,,,,,,,96.0,1.0,0.0,439.0,9038.0,7710.0,9.0,2290.0,105087.0,103759.0,0.7,,,,,,,,,1398.0,1.0,,,,,155.0,15.0,,,,,896.0,834.45,,,10.25,8.905000000000001,0.0,0.0,0.0,0.0,0.0,0.0,0.0,57.0,57.0,57.0,64.0,63.0,59.0,56.0,52.0,48.0,47.0,47.0,51.0,53.0,54.0,56.0,58.0,60.0,63.0
GLOBAL,,,,,,,,,,,,,,,,,,,,,,,,,,,,,,,,,,,,,,,,,,,,,,,,,,,132781.0,144797.19999999998,,,2.4,2.27,29.0,31.0,37.0,44.0,48.0,54.0,58.0,63.0,69.0,73.0,72.0,74.0,79.0,78.0,81.0,83.0,84.0,84.0,84.0,86.0,83.0,81.0,84.0,84.0,84.0
GMB,18.42,,,,400.0,469.0,1.0,142.0,61609.0,2.3,,,,,,,,,,20.0,4.0,0.0,85.0,2449.0,2389.0,13.0,307.0,18248.0,18188.0,0.7,,,,,,,,,64.0,0.0,,,,,10.0,3.0,,,,,59.5,68.6,,,3.5,3.5,91.0,91.0,92.0,94.0,95.0,95.0,95.0,97.0,98.0,97.0,97.0,96.0,98.0,97.0,96.0,97.0,95.0,92.0,93.0,88.0,85.0,82.0,79.0,84.0,80.0
GNB,50.61,,,,999.0,1977.0,1.0,936.0,259599.0,12.3,,,,,,,,,,93.0,5.0,0.0,67.0,1374.0,1171.0,9.0,348.0,15930.0,15727.0,0.7,,,,,,,,,214.0,1.0,,,,,24.0,16.0,,,,,50.0,89.0,,,3.5999999999999996,5.415,0.0,0.0,0.0,0.0,0.0,0.0,0.0,0.0,0.0,80.0,82.0,89.0,87.0,87.0,86.0,86.0,85.0,79.0,82.0,78.0,74.0,67.0,74.0,74.0,68.0
GNQ,24.28,,,,385.0,1872.0,2.0,1569.0,77032.0,4.6,,,,,,,,,,288.0,15.0,0.0,53.0,1140.0,1140.0,13.0,256.0,8552.0,8551.0,0.5,0.0,,,,,,,,0.0,0.0,0.0,,,,0.0,0.0,,,,,45.0,67.1,,,9.0,7.385,0.0,0.0,0.0,0.0,0.0,0.0,0.0,0.0,0.0,0.0,0.0,0.0,0.0,0.0,53.0,40.0,53.0,56.0,59.0,62.0,64.0,67.0,70.0,74.0,68.0
GRC,,,,,,65000.0,33.0,,200000.0,1.9,,,,,,,,,,,0.0,0.0,,,20000.0,,,,46261.0,0.4,,,,,,,,,14000.0,,,,,,1123.0,,,,,,63.5,40.9,2.0,36.0,0.75,0.46,89.0,90.0,91.0,92.0,92.0,93.0,94.0,95.0,95.0,95.0,95.0,95.0,98.0,98.0,96.0,96.0,96.0,96.0,96.0,96.0,96.0,96.0,95.0,93.0,92.0
GRD,10.27,,,,7.0,129.0,7.0,6.0,1969.0,1.6,,,,,,,,,,5.0,4.0,0.0,5.0,305.0,278.0,38.0,11.0,796.0,769.0,0.6,,,,,,,,,29.0,4.0,,,,,2.0,9.0,,,,,0.5,0.7,,,0.95,0.6699999999999999,0.0,96.0,98.0,97.0,83.0,99.0,91.0,96.0,99.0,99.0,97.0,94.0,97.0,97.0,97.0,92.0,96.0,96.0,95.0,94.0,72.0,77.0,77.0,86.0,86.0
GTM,5.35,0.0,0.0,,365.0,10550.0,10.0,200.0,103499.0,0.6,60.79,50.5,63.0,0.21,0.2,0.1,0.0,0.0,,1273.0,12.0,1.0,590.0,15001.0,12311.0,15.0,1060.0,99313.0,96623.0,0.5,67.9,82.55,0.5,1.0,0.0,0.0,,0.0,2831.0,3.0,0.0,53.33,50.0,90.0,193.0,19.0,0.0,0.0,,0.0,13.5,21.8,,,0.15000000000000002,0.135,0.0,0.0,0.0,0.0,0.0,87.0,89.0,85.0,95.0,92.0,94.0,88.0,96.0,96.0,74.0,70.0,83.0,91.0,85.0,88.0,90.0,80.0,81.0,88.0,81.0
GUY,11.6,,,,64.0,2567.0,13.0,32.0,20104.0,2.5,,,,,,,,,,46.0,2.0,0.0,32.0,1966.0,1792.0,38.0,73.0,5134.0,4959.0,0.6,,,,,,,,,183.0,4.0,,,,,13.0,9.0,,,,,11.5,8.35,,,1.9,1.2449999999999999,0.0,85.0,91.0,90.0,91.0,93.0,93.0,94.0,93.0,98.0,95.0,93.0,97.0,98.0,98.0,95.0,97.0,97.0,95.0,99.0,99.0,98.0,98.0,98.0,98.0
HND,4.03,,,,77.0,3150.0,12.0,46.0,26150.0,0.3,,,,,,,,,,281.0,9.0,1.0,345.0,8764.0,7198.0,15.0,620.0,58144.0,56578.0,0.5,21.0,49.7,47.2,34.8,0.0,,,,1648.0,3.0,100.0,0.0,0.0,0.0,113.0,19.0,0.0,,,,51.5,26.65,,,0.8,0.28,93.0,95.0,94.0,91.0,93.0,97.0,94.0,93.0,92.0,97.0,97.0,97.0,98.0,99.0,99.0,98.0,95.0,90.0,91.0,88.0,80.0,77.0,78.0,73.0,75.0
HRV,,,,,,,,,,,,,,,,,,,,,,,,,,,,,20000.0,0.5,,,,,,,,,,,,,,,,,,,,,18.5,22.25,,,0.5,0.6000000000000001,0.0,0.0,0.0,0.0,0.0,0.0,0.0,94.0,97.0,97.0,97.0,96.0,96.0,96.0,95.0,94.0,92.0,92.0,93.0,93.0,91.0,90.0,90.0,92.0,91.0
HTI,8.52,,,,526.0,12650.0,6.0,1498.0,217325.0,1.9,,,,,,,,,,120.0,1.0,0.0,453.0,28130.0,25673.0,38.0,1048.0,73908.0,71450.0,0.6,,,,,,,,,2587.0,4.0,,,,,180.0,9.0,,,,,177.0,194.4,,,2.55,2.165,0.0,0.0,0.0,0.0,0.0,0.0,0.0,0.0,0.0,0.0,0.0,0.0,0.0,68.0,63.0,64.0,59.0,57.0,56.0,54.0,58.0,48.0,48.0,54.0,60.0
HUN,,,,,,,,,,,,,,,,,,,,1440.0,,,,,22118.0,,,,17984.0,0.2,,,,,,,,,22118.0,,,,,,1175.0,,,,,,23.0,52.65,3.0,131.0,0.45,0.9750000000000001,0.0,0.0,0.0,0.0,0.0,0.0,0.0,0.0,0.0,0.0,0.0,0.0,0.0,0.0,0.0,0.0,0.0,0.0,0.0,0.0,0.0,0.0,0.0,0.0,0.0
IDN,23.98,,,10.6,60535.0,528024.0,3.0,158563.0,17544081.0,6.4,61.5,66.4,84.4,1.6,1.6,1.5,,,85.7,21468.0,4.0,0.0,6322.0,190022.0,177981.0,14.0,39134.0,1404685.0,1392645.0,0.5,,,2.4,0.3,,,,,12674.0,1.0,,,83.3,97.0,1625.0,7.0,,,,,3266.0,8461.7,,,1.75,3.685,65.0,62.0,63.0,64.0,64.0,65.0,66.0,76.0,82.0,82.0,83.0,81.0,85.0,90.0,88.0,84.0,84.0,85.0,85.0,85.0,77.0,67.0,91.0,83.0,78.0
IND,8.74,,,,,,,,,,,,39.6,,,0.4,,,,,,,,,,,,,,,,,,,,,,,,,,,,,,,,,,,11133.5,12516.6,,,1.1,0.98,0.0,0.0,0.0,0.0,6.0,8.0,6.0,6.0,29.0,37.0,38.0,44.0,70.0,67.0,77.0,87.0,88.0,89.0,90.0,91.0,85.0,85.0,93.0,91.0,94.0
IRL,,,,,,12500.0,57.0,,22000.0,0.4,,,,,,,,,,1698.0,14.0,8.0,,,13600.0,,,,7844.0,0.2,,,,,,,,,8200.0,,,,,,535.0,,,,,,1.0,5.8999999999999995,,,0.0,0.13999999999999999,0.0,0.0,0.0,0.0,0.0,0.0,0.0,0.0,0.0,0.0,46.0,95.0,95.0,95.0,95.0,95.0,95.0,95.0,94.0,93.0,94.0,93.0,93.0,93.0,92.0
IRN,7.52,,,,6367.0,366852.0,28.0,334.0,1321313.0,1.5,45.6,,,0.4,,,,,,24867.0,7.0,2.0,361.0,109290.0,77799.0,46.0,6780.0,236870.0,205380.0,0.2,,,,8.8,,,,34.4,33148.0,14.0,,,,,2978.0,30.0,,,,,58.5,523.35,,,0.1,0.645,99.0,94.0,99.0,98.0,95.0,94.0,98.0,97.0,99.0,99.0,99.0,99.0,98.0,99.0,99.0,98.0,99.0,99.0,99.0,99.0,99.0,98.0,99.0,99.0,98.0
IRQ,8.36,,,,3370.0,7080.0,1.0,8241.0,1310122.0,2.9,,,,,,,,,,26289.0,100.0,2.0,316.0,21354.0,12118.0,14.0,4733.0,156491.0,147255.0,0.3,,,,,,,,,9722.0,6.0,,,,,629.0,46.0,,,,,26.0,310.3,,,0.1,0.895,67.0,66.0,65.0,63.0,62.0,65.0,59.0,56.0,66.0,75.0,72.0,78.0,65.0,68.0,69.0,68.0,71.0,81.0,86.0,84.0,74.0,78.0,93.0,91.0,90.0
ISL,1.99,,,,8.0,903.0,52.0,1.0,1738.0,0.5,,,,,,,,,,162.0,18.0,9.0,0.0,2116.0,1142.0,100.0,42.0,1253.0,279.0,0.1,,,,,,,,,1025.0,82.0,,,,,65.0,48.0,,,,,1.5,0.3,,,0.9,0.16,0.0,0.0,0.0,0.0,0.0,0.0,0.0,0.0,0.0,0.0,0.0,0.0,0.0,0.0,0.0,0.0,0.0,0.0,0.0,0.0,0.0,0.0,0.0,0.0,0.0
ISR,10.31,,,,646.0,24245.0,19.0,169.0,130671.0,1.4,,,,,,,,,,1599.0,7.0,1.0,340.0,37116.0,23073.0,54.0,156.0,68734.0,54692.0,0.7,,,,,,,,,14782.0,22.0,,,,,1782.0,40.0,,,,,51.0,43.800000000000004,,,0.85,0.53,98.0,96.0,98.0,98.0,99.0,96.0,96.0,99.0,99.0,98.0,97.0,98.0,97.0,97.0,97.0,96.0,95.0,97.0,96.0,97.0,96.0,96.0,96.0,96.0,96.0
ITA,,,,,,,0.0,,303000.0,0.5,,,,,,,,,,,,0.0,,,,,,,398610.0,0.7,,,,,,,,,244981.0,,,,,,13102.0,,,,,,507.0,466.4,,,1.15,0.93,94.0,95.0,95.0,95.0,96.0,96.0,96.0,97.0,96.0,96.0,96.0,96.0,96.0,96.0,95.0,93.0,93.0,94.0,95.0,95.0,94.0,94.0,95.0,95.0,94.0
JAM,17.83,,,,396.0,1541.0,1.0,167.0,107261.0,3.8,,,,,,,,,,257.0,17.0,0.0,111.0,6891.0,6266.0,39.0,256.0,17844.0,17219.0,0.6,,,,,,,,,659.0,4.0,,,,,44.0,10.0,,,,,6.5,44.75,,,0.35,1.7650000000000001,0.0,0.0,0.0,36.0,98.0,99.0,97.0,92.0,92.0,90.0,94.0,92.0,96.0,93.0,92.0,91.0,98.0,93.0,97.0,96.0,95.0,89.0,98.0,99.0,99.0
JOR,6.43,,,,624.0,2913.0,1.0,472.0,199009.0,1.8,,,,,,,,,,940.0,32.0,0.0,100.0,6335.0,3883.0,22.0,575.0,29239.0,26787.0,0.2,0.0,,,,0.0,,,,2582.0,9.0,0.0,,,,157.0,41.0,0.0,,,,103.5,129.04999999999998,,,1.8,1.5150000000000001,93.0,97.0,95.0,97.0,95.0,95.0,98.0,98.0,97.0,98.0,98.0,98.0,98.0,98.0,98.0,99.0,98.0,99.0,96.0,89.0,77.0,85.0,92.0,96.0,96.0
JPN,11.18,,,,3391.0,585323.0,62.0,152.0,949057.0,0.8,,,,,,,,,,187775.0,32.0,20.0,10599.0,802961.0,472496.0,100.0,1368.0,778615.0,448150.0,0.4,,,,,,,,,347858.0,45.0,,,,,9285.0,43.0,,,,,1295.0,727.1,,,2.0,1.0350000000000001,0.0,0.0,0.0,0.0,0.0,0.0,0.0,0.0,0.0,0.0,0.0,0.0,0.0,0.0,0.0,0.0,0.0,0.0,0.0,99.0,92.0,96.0,96.0,95.0,95.0
KAZ,13.83,,,,1528.0,52191.0,12.0,956.0,448360.0,2.3,,,,,,,,,,3167.0,6.0,1.0,1243.0,71008.0,27412.0,17.0,7359.0,426777.0,383180.0,2.0,86.3,76.7,73.8,88.8,92.8,68.9,45.7,70.1,45891.0,11.0,55.3,29.5,10.4,22.3,7731.0,65.0,,30.3,9.5,21.9,140.5,312.79999999999995,,,0.9,1.7349999999999999,99.0,95.0,95.0,99.0,99.0,94.0,99.0,94.0,99.0,99.0,99.0,99.0,95.0,99.0,95.0,98.0,83.0,99.0,98.0,97.0,88.0,95.0,99.0,97.0,98.0
KEN,23.35,,,,11498.0,5804.0,0.0,11518.0,2360984.0,4.4,,,,,,,,,,1714.0,30.0,0.0,1172.0,55811.0,34839.0,11.0,16002.0,497450.0,476477.0,0.9,,,,,,,,,22076.0,4.0,,,,,7274.0,40.0,,,,,531.0,460.2,,,1.55,1.03,0.0,0.0,84.0,73.0,73.0,76.0,80.0,81.0,88.0,88.0,90.0,96.0,94.0,87.0,92.0,89.0,88.0,81.0,91.0,93.0,93.0,95.0,94.0,93.0,91.0
KGZ,25.53,,,,1176.0,55347.0,16.0,730.0,349644.0,5.3,,,,,,,,,,1117.0,2.0,0.0,605.0,37577.0,30738.0,21.0,4103.0,177663.0,170824.0,2.5,10.2,7.7,81.6,77.2,46.9,54.2,73.8,70.5,7199.0,4.0,8.4,52.6,0.0,20.2,448.0,19.0,,25.3,0.0,26.5,102.5,121.2,,,1.95,1.925,44.0,57.0,99.0,99.0,99.0,97.0,90.0,94.0,97.0,96.0,96.0,96.0,96.0,97.0,96.0,97.0,96.0,92.0,94.0,95.0,86.0,89.0,90.0,87.0,84.0
KHM,13.63,,36.0,43.3,1310.0,26480.0,5.0,888.0,496539.0,3.0,,73.2,99.7,,2.8,2.4,,21.8,53.8,1477.0,6.0,0.0,1034.0,47515.0,24516.0,23.0,4625.0,206158.0,183160.0,1.2,,,,,,,,,24209.0,12.0,,,,1.4,1953.0,51.0,,,,,237.0,344.59999999999997,,,1.8,2.145,0.0,0.0,0.0,0.0,0.0,0.0,80.0,82.0,91.0,92.0,91.0,91.0,91.0,86.0,90.0,91.0,91.0,90.0,89.0,88.0,86.0,86.0,84.0,84.0,83.0
KIR,41.25,,,,48.0,78.0,,39.0,10504.0,8.0,,,,,,,,,,0.0,0.0,0.0,6.0,131.0,131.0,11.0,34.0,1216.0,1216.0,1.0,,,,,,,,,0.0,0.0,,,,,0.0,0.0,,,,,9.5,9.549999999999999,,,9.45,8.715,90.0,85.0,79.0,73.0,67.0,50.0,88.0,96.0,83.0,86.0,91.0,95.0,94.0,95.0,75.0,82.0,81.0,90.0,95.0,97.0,92.0,90.0,91.0,90.0,94.0
KNA,10.13,,0.0,0.0,3.0,50.0,7.0,2.0,748.0,1.6,100.0,100.0,100.0,0.0,0.8,0.8,,100.0,100.0,2.0,5.0,0.0,2.0,118.0,111.0,38.0,5.0,306.0,299.0,0.6,,,,,,,,,7.0,2.0,,,,,0.0,6.0,,,,,0.0,0.25,,,0.75,0.47,99.0,99.0,96.0,99.0,96.0,99.0,99.0,99.0,98.0,97.0,96.0,98.0,98.0,97.0,98.0,94.0,98.0,98.0,98.0,97.0,99.0,96.0,96.0,97.0,97.0
KOR,15.78,,,,7225.0,1156952.0,83.0,189.0,1395575.0,2.7,,,,,,,,,,292644.0,25.0,21.0,931.0,86370.0,20098.0,56.0,1910.0,155188.0,88916.0,0.2,,,,,,,,,69760.0,45.0,,,,,4771.0,81.0,,,,,801.5,738.5,,,1.9500000000000002,1.4849999999999999,93.0,89.0,92.0,91.0,92.0,99.0,99.0,91.0,94.0,94.0,94.0,99.0,99.0,99.0,99.0,98.0,98.0,98.0,98.0,98.0,98.0,98.0,97.0,97.0,97.0
KWT,10.23,,,,391.0,7488.0,11.0,26.0,65455.0,1.5,,,,,,,,,,1779.0,24.0,3.0,78.0,8161.0,6011.0,38.0,480.0,21362.0,19212.0,0.5,,,,,,,,,2264.0,11.0,,,,,222.0,28.0,,,,,16.5,13.8,,,0.5,0.335,95.0,99.0,99.0,99.0,94.0,99.0,99.0,99.0,99.0,99.0,99.0,99.0,98.0,99.0,96.0,99.0,99.0,99.0,91.0,92.0,93.0,94.0,96.0,99.0,99.0
LAO,9.78,,,,529.0,11584.0,4.0,961.0,260495.0,3.5,,,,,,,,,,173.0,1.0,0.0,210.0,7377.0,5624.0,17.0,971.0,43641.0,41888.0,0.6,,,,,,,,,1845.0,4.0,,,,,216.0,25.0,,,,,171.5,163.75,,,3.3499999999999996,2.5549999999999997,0.0,0.0,0.0,50.0,45.0,49.0,57.0,50.0,61.0,67.0,74.0,76.0,77.0,83.0,83.0,82.0,82.0,78.0,75.0,66.0,61.0,65.0,70.0,74.0,67.0
LBN,5.24,,,,276.0,7552.0,11.0,95.0,71615.0,1.3,,,,,,,,,,734.0,10.0,1.0,25.0,2694.0,1342.0,30.0,228.0,9017.0,7665.0,0.1,,,,,,,,,1424.0,16.0,,,,,98.0,53.0,,,,,39.0,36.5,,,0.75,0.5650000000000001,83.0,80.0,77.0,74.0,75.0,77.0,78.0,80.0,81.0,81.0,81.0,80.0,80.0,80.0,80.0,80.0,80.0,80.0,80.0,80.0,68.0,64.0,64.0,50.0,46.0
LBR,19.85,,,,899.0,1740.0,1.0,1996.0,228492.0,4.3,,,,,,,,,,82.0,5.0,0.0,168.0,3465.0,2950.0,9.0,876.0,40134.0,39618.0,0.7,,,,,,,,,543.0,1.0,,,,,59.0,16.0,,,,,362.5,359.1,,,11.35,9.09,0.0,0.0,0.0,0.0,0.0,0.0,0.0,0.0,75.0,81.0,70.0,77.0,80.0,80.0,63.0,65.0,73.0,80.0,81.0,71.0,66.0,67.0,79.0,83.0,83.0
LBY,7.99,,,,426.0,13266.0,11.0,232.0,111125.0,1.6,,,,,,,,,,3214.0,25.0,3.0,151.0,49531.0,45995.0,75.0,2803.0,65807.0,62271.0,1.4,,,,,,,,,3722.0,6.0,,,,,3722.0,8.0,,,,,59.0,64.0,,,1.05,1.125,92.0,93.0,91.0,96.0,99.0,97.0,98.0,98.0,98.0,98.0,98.0,98.0,98.0,96.0,94.0,97.0,97.0,97.0,73.0,73.0,73.0,73.0,73.0,73.0,86.0
LCA,9.63,,,,10.0,185.0,7.0,9.0,2824.0,1.6,,,100.0,,,0.0,,,50.0,7.0,4.0,0.0,7.0,438.0,399.0,39.0,16.0,1138.0,1098.0,0.6,,,,,,,,,42.0,4.0,,0.0,,,3.0,10.0,,0.0,,,1.0,1.25,,,0.8500000000000001,0.79,0.0,0.0,14.0,84.0,91.0,95.0,85.0,99.0,96.0,95.0,97.0,99.0,98.0,99.0,99.0,99.0,95.0,80.0,95.0,92.0,86.0,80.0,81.0,74.0,99.0
LKA,11.18,,,,1869.0,35768.0,7.0,1491.0,485573.0,2.2,,,,,,,,,,34.0,0.0,0.0,610.0,21571.0,16306.0,17.0,2814.0,125400.0,120135.0,0.6,45.5,0.5,,0.1,,,,0.0,5542.0,4.0,,100.0,,0.0,627.0,26.0,,,,0.0,216.5,219.05,,,1.3,1.18,0.0,0.0,0.0,32.0,62.0,99.0,98.0,98.0,98.0,97.0,99.0,99.0,99.0,99.0,99.0,99.0,99.0,99.0,99.0,99.0,96.0,96.0,98.0,99.0,97.0
LSO,59.11,,,,1269.0,38050.0,16.0,1048.0,242317.0,10.5,,,,,,,,,,57.0,0.0,0.0,82.0,2245.0,2181.0,24.0,127.0,9375.0,9312.0,0.4,,,,,,,,,67.0,1.0,,,,,10.0,3.0,,,,,50.5,63.3,,,3.05,3.4899999999999998,0.0,0.0,0.0,17.0,60.0,87.0,91.0,90.0,88.0,91.0,93.0,96.0,95.0,93.0,88.0,83.0,87.0,89.0,90.0,92.0,93.0,95.0,92.0,90.0,86.0
LTU,,,,,,79.0,,,,,,,,,,,,,,,0.0,,,,1124.0,,,,22410.0,0.8,,,,,,,,,,,,,,,,,,,,,23.0,18.150000000000002,,,0.9,0.6900000000000001,98.0,95.0,94.0,95.0,94.0,95.0,95.0,96.0,96.0,95.0,94.0,95.0,93.0,93.0,94.0,94.0,95.0,94.0,93.0,92.0,91.0,90.0,90.0,90.0,87.0
LUX,,,,,,,,,,,,,,,,,,,,,,,,,,,,,1243.0,0.2,,,,,,,,,,,,,,,,,,,,,2.0,1.05,13.0,82.0,0.44999999999999996,0.195,77.0,86.0,95.0,95.0,94.0,95.0,95.0,87.0,94.0,95.0,94.0,95.0,94.0,94.0,94.0,94.0,94.0,94.0,96.0,96.0,96.0,96.0,97.0,98.0,98.0
LVA,,,,,,,,,,,,,,,,,,,,,,,,,30000.0,,,,30000.0,1.6,,,,,,,,,11550.0,,,,,,1125.0,,,,,,14.0,12.35,42.0,1038.0,1.0,0.785,95.0,96.0,98.0,98.0,98.0,99.0,94.0,91.0,93.0,92.0,91.0,89.0,90.0,94.0,92.0,94.0,98.0,98.0,96.0,99.0,99.0,94.0,95.0,97.0,99.0
MAR,3.0,,,,555.0,91901.0,41.0,187.0,223645.0,0.6,,,,,,,,,,6502.0,7.0,3.0,565.0,32664.0,23085.0,24.0,3416.0,135145.0,125566.0,0.3,,,,,,,,,10083.0,7.0,,,,,833.0,31.0,,,,,269.0,254.6,,,1.0,0.765,43.0,84.0,92.0,90.0,95.0,96.0,95.0,95.0,97.0,98.0,98.0,98.0,99.0,99.0,99.0,99.0,99.0,99.0,99.0,99.0,99.0,98.0,98.0,97.0,96.0
MCO,4.28,,,,1.0,53.0,31.0,0.0,172.0,0.5,,,,,,,,,,16.0,30.0,9.0,1.0,125.0,54.0,69.0,1.0,180.0,110.0,0.3,,,,,,,,,74.0,41.0,,,,,5.0,59.0,,,,,0.0,0.15,,0.0,0.4,0.5,99.0,99.0,99.0,99.0,99.0,99.0,99.0,99.0,99.0,99.0,99.0,99.0,99.0,99.0,99.0,99.0,99.0,99.0,99.0,99.0,99.0,99.0,99.0,99.0,99.0
MDA,84.43,,,,1913.0,19999.0,7.0,270.0,294803.0,9.0,,,,,,,,,,28.0,0.0,0.0,221.0,22820.0,19608.0,30.0,1626.0,76887.0,73675.0,2.1,62.3,75.6,69.2,75.8,65.2,69.8,76.1,87.2,3381.0,4.0,,,,,572.0,15.0,,,,,100.0,96.65,94.0,233.0,2.8000000000000003,2.49,92.0,94.0,99.0,99.0,99.0,99.0,98.0,95.0,97.0,89.0,98.0,96.0,94.0,91.0,92.0,88.0,91.0,89.0,94.0,94.0,87.0,87.0,90.0,88.0,88.0
MDG,21.13,,,,5631.0,3191.0,0.0,4087.0,1131542.0,6.4,,,,,,,,,,5989.0,100.0,1.0,799.0,9007.0,6539.0,8.0,2329.0,114296.0,111828.0,0.4,,,,,,,,,2598.0,2.0,,,,,435.0,29.0,,,,,1070.5,931.7,,,6.3,4.27,0.0,0.0,51.0,61.0,71.0,81.0,82.0,84.0,77.0,77.0,70.0,73.0,68.0,70.0,68.0,62.0,68.0,65.0,74.0,69.0,67.0,55.0,57.0,65.0,60.0
MDV,22.33,,,,102.0,3185.0,12.0,175.0,27324.0,5.2,,,,,,,,,,103.0,3.0,0.0,15.0,512.0,391.0,17.0,68.0,2980.0,2859.0,0.6,,,,,,,,,127.0,4.0,,,,,15.0,25.0,,,,,2.5,6.1499999999999995,,,0.7999999999999999,1.23,96.0,98.0,98.0,98.0,97.0,98.0,98.0,98.0,98.0,98.0,97.0,96.0,99.0,99.0,99.0,99.0,98.0,98.0,98.0,98.0,98.0,95.0,98.0,98.0,99.0
MEX,12.27,,,,3927.0,13376.0,11.0,188.0,117412.0,0.1,,,,,,,,,,1124.0,8.0,1.0,11851.0,109753.0,84312.0,16.0,5736.0,703699.0,678258.0,0.5,,,34.5,29.6,,,,,26780.0,4.0,,88.5,73.1,77.3,1600.0,24.0,,,,63.9,177.0,473.3,,,0.15,0.38,97.0,97.0,97.0,98.0,98.0,98.0,98.0,98.0,97.0,95.0,93.0,98.0,99.0,79.0,84.0,76.0,82.0,58.0,55.0,56.0,77.0,80.0,83.0,85.0,78.0
MHL,23.72,,,,8.0,1153.0,,8.0,2024.0,4.9,,,,,,,,,,3.0,0.0,0.0,1.0,40.0,40.0,10.0,11.0,415.0,415.0,1.0,,,,,,,,,0.0,0.0,,,,,0.0,0.0,,,,,2.5,1.85,,,5.2,3.3299999999999996,38.0,76.0,80.0,74.0,72.0,89.0,97.0,93.0,97.0,99.0,97.0,89.0,80.0,80.0,79.0,85.0,73.0,82.0,84.0,82.0,86.0,89.0,87.0,89.0,89.0
MKD,11.38,,,,133.0,8257.0,23.0,48.0,35851.0,1.7,,,,,,,,,,554.0,7.0,2.0,75.0,6079.0,3182.0,33.0,267.0,18370.0,15473.0,0.6,,,,,,,,,3050.0,17.0,,,,,287.0,50.0,,,,,20.0,30.0,,,1.05,1.475,0.0,0.0,0.0,0.0,0.0,53.0,89.0,96.0,97.0,95.0,90.0,96.0,98.0,97.0,97.0,92.0,94.0,91.0,92.0,92.0,84.0,79.0,84.0,86.0,91.0
MLI,30.2,,,,6252.0,68130.0,4.0,12432.0,1581973.0,13.9,1.1,1.2,1.4,7.4,8.6,4.8,,,,3476.0,5.0,0.0,715.0,14686.0,12568.0,9.0,3733.0,172436.0,170319.0,0.7,,,,,,,,,2229.0,1.0,,,,,252.0,15.0,,,,,831.5,1177.25,,,6.7,7.710000000000001,0.0,0.0,0.0,79.0,73.0,83.0,90.0,74.0,74.0,71.0,72.0,66.0,65.0,64.0,66.0,70.0,76.0,77.0,76.0,77.0,70.0,77.0,75.0,75.0,82.0
MLT,,,,,,28000.0,,,,,,,,,,,,,,,0.0,,,,1336.0,,,,694.0,0.1,,,,,,,,,519.0,,,,,,127.0,,,,,,2.5,2.65,27.0,61.0,0.8500000000000001,0.695,0.0,0.0,0.0,89.0,85.0,85.0,86.0,82.0,86.0,86.0,75.0,82.0,93.0,94.0,90.0,95.0,97.0,88.0,98.0,98.0,98.0,99.0,98.0,98.0,97.0
MMR,20.16,,,,,,,,,,,3.2,3.3,,3.2,2.2,,,,,,,,,,,,,,,,,,,,,,,,,,,,,,,,,,,1173.0,1452.7,,,3.1,3.18,0.0,0.0,0.0,8.0,39.0,62.0,75.0,85.0,85.0,91.0,92.0,40.0,58.0,75.0,88.0,89.0,90.0,89.0,91.0,90.0,84.0,37.0,71.0,71.0,71.0
MNE,10.23,,,,41.0,2134.0,23.0,6.0,9264.0,1.5,,,,,,,,,,145.0,7.0,2.0,23.0,1819.0,953.0,33.0,80.0,5514.0,4648.0,0.6,,,,,,,,,912.0,17.0,,,,,86.0,50.0,,,,,4.5,9.95,,,1.2999999999999998,1.905,,,,,,,90.0,90.0,93.0,87.0,90.0,91.0,90.0,90.0,87.0,82.0,75.0,73.0,72.0,68.0,52.0,51.0,45.0,42.0,61.0
MNG,41.93,,,,677.0,87949.0,46.0,316.0,193155.0,5.7,94.6,97.3,98.6,1.7,2.0,1.5,,,,4701.0,5.0,2.0,763.0,186481.0,124886.0,98.0,1939.0,190095.0,128501.0,3.7,2.7,4.8,5.3,4.3,,,0.0,0.0,64836.0,34.0,0.0,0.0,0.0,0.0,2123.0,35.0,0.0,0.0,0.0,0.0,163.0,154.95,,,6.25,4.9350000000000005,93.0,95.0,98.0,98.0,98.0,98.0,98.0,98.0,96.0,97.0,96.0,99.0,99.0,98.0,99.0,99.0,99.0,99.0,99.0,98.0,96.0,95.0,95.0,96.0,96.0
MOZ,26.99,,,,7878.0,244098.0,12.0,13807.0,2034837.0,6.2,,,,,,,,,,62000.0,25.0,3.0,938.0,10156.0,9704.0,4.0,3439.0,242892.0,242440.0,0.7,,,,,,,,,476.0,0.0,,,,,21.0,5.0,,,,,1101.0,321.6,,,5.45,1.275,0.0,25.0,76.0,76.0,76.0,75.0,75.0,75.0,75.0,74.0,74.0,77.0,80.0,82.0,85.0,85.0,85.0,85.0,85.0,85.0,71.0,56.0,55.0,70.0,70.0
MRT,41.15,,,,1856.0,1969.0,0.0,1938.0,433528.0,9.2,,,,,,,,,,143.0,7.0,0.0,150.0,3087.0,2635.0,9.0,782.0,36009.0,35557.0,0.7,,,,,,,,,476.0,1.0,,,,,53.0,15.0,,,,,221.0,267.8,,,7.25,7.185,0.0,0.0,0.0,0.0,0.0,42.0,68.0,74.0,74.0,64.0,64.0,75.0,80.0,80.0,81.0,73.0,74.0,76.0,77.0,80.0,81.0,77.0,85.0,90.0,86.0
MUS,22.94,0.0,,,253.0,7901.0,12.0,433.0,67789.0,5.2,100.0,,,0.0,,,0.0,,,256.0,3.0,0.0,36.0,1286.0,971.0,17.0,167.0,7452.0,7136.0,0.6,77.6,76.0,79.2,,100.0,88.5,84.0,,332.0,4.0,25.0,35.0,14.6,,37.0,26.0,25.0,,28.0,,11.5,13.1,,,1.25,1.225,88.0,92.0,88.0,97.0,98.0,97.0,97.0,97.0,99.0,99.0,99.0,98.0,98.0,98.0,97.0,97.0,72.0,96.0,97.0,97.0,96.0,94.0,95.0,96.0,93.0
MWI,14.78,,,,2539.0,41265.0,7.0,2680.0,560872.0,2.7,,,48.0,,,1.0,,,,3119.0,8.0,1.0,500.0,23221.0,16361.0,16.0,2855.0,142941.0,136081.0,0.7,,,,,,,,,7221.0,5.0,,,,,2117.0,31.0,,,,,638.5,511.65000000000003,,,4.95,3.2649999999999997,0.0,0.0,64.0,84.0,89.0,93.0,99.0,87.0,91.0,93.0,93.0,97.0,96.0,89.0,91.0,88.0,84.0,88.0,92.0,95.0,94.0,93.0,86.0,91.0,91.0
MYS,2.37,,,,109.0,34755.0,9.0,5230.0,396690.0,1.7,,,,,,,,,,14846.0,43.0,4.0,713.0,54298.0,36989.0,10.0,1568.0,533985.0,516676.0,0.2,81.2,97.2,67.3,83.2,86.8,79.5,78.7,90.6,18220.0,3.0,9.3,12.7,20.8,27.3,2478.0,34.0,10.6,11.6,17.0,21.7,166.0,197.35000000000002,,,0.65,0.635,97.0,95.0,95.0,95.0,94.0,96.0,95.0,96.0,97.0,96.0,96.0,96.0,97.0,96.0,96.0,99.0,98.0,98.0,99.0,97.0,99.0,94.0,96.0,95.0,93.0
NAM,19.49,,,,471.0,22413.0,16.0,630.0,142736.0,5.6,,,,,,,,,,199.0,1.0,0.0,92.0,2498.0,2428.0,24.0,141.0,10476.0,10406.0,0.4,,,,,,,,,74.0,1.0,,,,,11.0,3.0,,,,,28.0,71.19999999999999,,,1.4500000000000002,2.96,0.0,0.0,0.0,0.0,0.0,0.0,0.0,0.0,0.0,0.0,83.0,82.0,84.0,89.0,88.0,92.0,85.0,88.0,89.0,87.0,93.0,94.0,84.0,83.0,74.0
NER,44.2,,0.0,4.8,10359.0,28588.0,1.0,43850.0,2640230.0,10.1,,7.4,9.7,,4.8,2.2,,0.0,1.0,1703.0,6.0,0.0,830.0,16694.0,13991.0,8.0,4313.0,201315.0,198612.0,0.7,0.0,,,,0.0,,,,2846.0,1.0,0.0,,,,335.0,17.0,0.0,,,,1279.5,1396.7,,,8.8,7.1499999999999995,0.0,0.0,0.0,0.0,0.0,0.0,0.0,0.0,0.0,71.0,70.0,75.0,73.0,75.0,82.0,84.0,80.0,85.0,79.0,81.0,81.0,82.0,84.0,85.0,86.0
NGA,23.21,,,,46144.0,81030.0,1.0,299334.0,14384770.0,6.6,13.3,12.6,14.4,3.3,2.5,1.6,,,,7834.0,10.0,0.0,5652.0,61646.0,52801.0,5.0,27596.0,1357901.0,1349056.0,0.6,,0.3,0.1,0.0,,,,,9311.0,1.0,,,,,265.0,15.0,,,,,5389.0,6338.4,,,4.05,4.305,0.0,0.0,0.0,0.0,8.0,18.0,27.0,42.0,53.0,63.0,49.0,45.0,42.0,43.0,43.0,42.0,53.0,55.0,61.0,66.0,62.0,61.0,59.0,67.0,67.0
NIC,8.2,,,,322.0,3530.0,7.0,80.0,51643.0,0.7,,,,,,,,,,191.0,5.0,0.0,230.0,5843.0,4794.0,15.0,413.0,38682.0,37632.0,0.5,,18.3,14.3,,,0.0,0.0,,1105.0,3.0,,,100.0,100.0,75.0,19.0,,,0.0,0.0,13.0,16.35,,,0.25,0.285,,,,,,,,,,,,,,,,,,,,,,,,,
NIU,29.72,,,,0.0,6.0,6.0,1.0,111.0,5.8,,,,,,,,,,0.0,2.0,0.0,0.0,2.0,2.0,10.0,1.0,19.0,19.0,1.0,,,,,,,,,0.0,0.0,,,,,0.0,0.0,,,,,0.0,0.05,,,1.0,3.45,99.0,99.0,99.0,95.0,99.0,86.0,99.0,99.0,99.0,99.0,99.0,99.0,99.0,99.0,99.0,99.0,99.0,99.0,99.0,99.0,99.0,99.0,99.0,99.0,99.0
NLD,,,,,,,0.0,,48756.0,0.3,,,,,,,,,,4750.0,,10.0,,,,,,,6183.0,0.0,,,,,,,,,7964.0,,,,,,512.0,,,,,,7.0,38.050000000000004,,,0.05,0.26,0.0,0.0,0.0,0.0,0.0,0.0,0.0,0.0,0.0,0.0,0.0,20.0,20.0,51.0,95.0,94.0,93.0,92.0,92.0,92.0,93.0,93.0,88.0,86.0,89.0
NOR,0.99,,,,53.0,115000.0,100.0,4.0,16375.0,0.3,,,,,,,,,,1354.0,1.0,8.0,2.0,23777.0,4029.0,82.0,50.0,28912.0,9164.0,0.2,,,,,,,,,20787.0,72.0,,,,,744.0,87.0,,,,,0.5,0.6000000000000001,,,0.0,0.02,0.0,0.0,0.0,0.0,0.0,0.0,0.0,0.0,0.0,0.0,0.0,0.0,0.0,0.0,0.0,0.0,0.0,0.0,0.0,96.0,97.0,96.0,96.0,96.0,96.0
NPL,3.11,,,,594.0,28655.0,8.0,2023.0,359298.0,1.2,,,,,,,,,,1157.0,4.0,0.0,331.0,21102.0,16134.0,13.0,4799.0,158659.0,153690.0,0.4,,,0.3,0.1,,,6.5,0.0,5230.0,3.0,,,,50.0,90.0,25.0,,,,,128.5,119.9,,,0.6,0.48500000000000004,0.0,0.0,0.0,2.0,27.0,41.0,69.0,82.0,82.0,89.0,82.0,92.0,90.0,92.0,92.0,91.0,87.0,90.0,91.0,93.0,84.0,91.0,90.0,94.0,97.0
NRU,30.04,,,,3.0,42.0,,9.0,730.0,5.8,,,,,,,,,,1.0,2.0,0.0,0.0,12.0,12.0,10.0,3.0,126.0,126.0,1.0,,,,,,,,,0.0,0.0,,,,,0.0,0.0,,,,,0.5,0.6,,,7.1499999999999995,5.75,58.0,95.0,75.0,77.0,78.0,80.0,99.0,99.0,99.0,99.0,99.0,99.0,79.0,87.0,95.0,91.0,97.0,87.0,90.0,96.0,95.0,98.0,97.0,97.0,97.0
NZL,17.29,,,,609.0,58164.0,67.0,18.0,86603.0,,,,,,,,,,,6136.0,11.0,7.0,276.0,34745.0,24679.0,69.0,586.0,50484.0,40418.0,0.4,,,,,,,,,10595.0,21.0,,,,,810.0,30.0,,,,,73.0,81.45,,,2.15,2.05,90.0,90.0,89.0,89.0,88.0,87.0,87.0,88.0,90.0,93.0,90.0,95.0,93.0,93.0,93.0,92.0,92.0,94.0,93.0,92.0,92.0,90.0,89.0,88.0,89.0
OMN,4.92,,,,185.0,9241.0,8.0,74.0,112358.0,2.5,,,,,,,,,,500.0,5.0,0.0,48.0,5461.0,2600.0,29.0,398.0,18540.0,15679.0,0.3,92.8,87.9,85.7,87.8,0.0,100.0,80.0,0.0,3012.0,16.0,0.0,20.0,50.0,0.0,279.0,55.0,0.0,50.0,66.7,0.0,73.0,79.25,,,1.8,1.6099999999999999,99.0,99.0,99.0,99.0,99.0,99.0,99.0,99.0,99.0,98.0,99.0,99.0,98.0,98.0,99.0,99.0,99.0,99.0,99.0,99.0,99.0,99.0,99.0,99.0,99.0
PAK,24.73,,,,10260.0,1103325.0,29.0,15068.0,3796372.0,1.6,,,,,,,,,,130870.0,12.0,3.0,50000.0,3906297.0,1902877.0,36.0,110000.0,10794232.0,8790812.0,4.1,,,,,,,,,2108863.0,20.0,,,,,179750.0,54.0,,,,,5656.5,3453.85,,,4.199999999999999,1.96,0.0,0.0,0.0,62.0,62.0,65.0,60.0,54.0,53.0,52.0,52.0,63.0,64.0,65.0,69.0,72.0,75.0,75.0,80.0,84.0,80.0,83.0,85.0,86.0,87.0
PAN,2.62,,47.8,100.0,44.0,3760.0,29.0,21.0,13132.0,0.3,,20.4,34.9,,0.4,0.5,,2.4,100.0,124.0,3.0,1.0,71.0,267.0,237.0,2.0,371.0,14426.0,14397.0,0.3,,,0.2,16.9,,,0.0,0.0,31.0,0.0,,,40.0,0.0,2.0,11.0,,,0.0,,26.0,25.45,,,0.75,0.62,0.0,98.0,98.0,98.0,95.0,92.0,88.0,85.0,86.0,85.0,94.0,87.0,85.0,80.0,80.0,73.0,86.0,81.0,88.0,88.0,74.0,87.0,82.0,71.0,72.0
PER,2.02,,0.0,0.0,365.0,24943.0,17.0,361.0,146893.0,0.4,54.0,67.4,86.5,0.4,0.3,0.2,,0.0,0.0,2106.0,8.0,1.0,310.0,3003.0,2507.0,5.0,814.0,58253.0,57756.0,0.2,,,,40.3,,,,0.0,522.0,1.0,,,,66.7,237.0,17.0,,,,0.0,240.5,191.29999999999998,,,0.85,0.61,0.0,0.0,0.0,65.0,92.0,94.0,94.0,93.0,93.0,93.0,93.0,91.0,95.0,88.0,88.0,90.0,90.0,89.0,89.0,88.0,72.0,82.0,82.0,84.0,80.0
PHL,18.94,,,,18583.0,632280.0,11.0,31609.0,5660072.0,4.9,,,,2.5,2.7,2.3,,,,11700.0,2.0,0.0,3001.0,83358.0,80736.0,19.0,8939.0,430092.0,427470.0,0.4,,,,,,,,,2760.0,1.0,,,,,636.0,3.0,,,,,1890.5,1938.8,,,2.35,1.94,7.0,45.0,42.0,52.0,48.0,49.0,77.0,87.0,87.0,88.0,88.0,89.0,89.0,84.0,79.0,74.0,84.0,83.0,83.0,82.0,81.0,67.0,82.0,87.0,71.0
PLW,28.45,,,,4.0,59.0,,13.0,1040.0,5.8,,,,,,,,,,1.0,2.0,0.0,1.0,17.0,17.0,10.0,5.0,180.0,180.0,1.0,,,,,,,,,0.0,0.0,,,,,0.0,0.0,,,,,0.0,0.1,,,0.7999999999999999,0.4,96.0,98.0,99.0,99.0,98.0,98.0,98.0,91.0,92.0,69.0,80.0,91.0,89.0,99.0,99.0,90.0,98.0,98.0,98.0,98.0,93.0,96.0,95.0,98.0,99.0
PNG,27.95,,,,2390.0,28374.0,5.0,8545.0,593071.0,5.8,,,,,,,,,,57.0,0.0,0.0,462.0,11896.0,11896.0,12.0,2856.0,101947.0,101947.0,1.1,,,,,,,,,0.0,0.0,,,,,0.0,0.0,,,,,172.5,270.15000000000003,,,3.8000000000000003,3.615,57.0,59.0,60.0,67.0,60.0,63.0,69.0,58.0,55.0,64.0,55.0,58.0,57.0,59.0,52.0,49.0,46.0,36.0,35.0,35.0,40.0,32.0,37.0,35.0,42.0
POL,,,,,,,0.0,,220820.0,0.6,,,,,,,,,,8541.0,,4.0,,,56850.0,,,,108210.0,0.3,,,,,,,,,46900.0,,,,,,5820.0,,,,,,61.5,71.15,18.0,227.0,0.15,0.195,99.0,95.0,98.0,97.0,98.0,98.0,98.0,98.0,98.0,98.0,98.0,98.0,97.0,96.0,96.0,96.0,95.0,93.0,91.0,91.0,90.0,89.0,90.0,90.0,87.0
PRK,27.46,,,,,,,,,,,,,,,,,,,,,,,,,,,,,,,,,,,,,,,,,,,,,,,,,,558.0,827.5,,,2.45,3.305,0.0,0.0,0.0,27.0,98.0,92.0,96.0,92.0,92.0,93.0,93.0,94.0,96.0,93.0,93.0,96.0,96.0,97.0,97.0,97.0,97.0,99.0,99.0,99.0,99.0
PRT,,,,,,,0.0,,41527.0,0.4,,,,,,,,,,,,0.0,,,,,,,40000.0,0.4,,,,,,,,,31944.0,,,,,,,,,,,,46.0,37.15,182.0,965.0,0.5,0.375,58.0,70.0,82.0,94.0,94.0,94.0,97.0,97.0,97.0,96.0,97.0,97.0,98.0,98.0,98.0,98.0,98.0,98.0,98.0,98.0,99.0,99.0,99.0,99.0,99.0
PRY,3.0,,,,109.0,5280.0,16.0,106.0,33914.0,0.5,61.2,76.0,59.8,0.1,,0.2,,,,40.0,1.0,0.0,94.0,8136.0,2870.0,37.0,127.0,22255.0,16989.0,0.3,0.5,0.0,,,0.0,0.0,,,5543.0,25.0,,,,,493.0,68.0,,,,,60.0,76.1,,,1.25,1.255,0.0,0.0,0.0,86.0,90.0,92.0,92.0,86.0,87.0,85.0,91.0,91.0,91.0,90.0,93.0,92.0,92.0,91.0,88.0,86.0,79.0,70.0,69.0,71.0,80.0
PSE,,,,,,,,,,,,,,,,,,,,,,,,,,,,,,,,,,,,,,,,,,,,,,,,,,,,34.65,,,,0.675,95.0,92.0,91.0,97.0,96.0,99.0,97.0,98.0,96.0,97.0,98.0,99.0,99.0,99.0,99.0,99.0,99.0,99.0,99.0,99.0,98.0,95.0,99.0,91.0,91.0
QAT,6.61,,,,91.0,8516.0,28.0,51.0,30160.0,1.1,,,,,,,,,,695.0,8.0,2.0,84.0,14949.0,12396.0,33.0,1526.0,44722.0,42170.0,1.5,88.0,87.1,,92.9,,0.0,,0.0,2687.0,6.0,100.0,0.0,100.0,100.0,130.0,18.0,,0.0,,0.0,16.0,17.650000000000002,,,0.7999999999999999,0.635,89.0,93.0,98.0,93.0,97.0,97.0,96.0,94.0,97.0,99.0,97.0,93.0,93.0,97.0,89.0,99.0,98.0,97.0,98.0,98.0,89.0,98.0,98.0,95.0,96.0
ROU,,,,,,942.0,0.0,,962571.0,5.1,,,,,,,,,,19594.0,100.0,2.0,,,58000.0,,,,136999.0,0.7,,,,,,,,,,,,,,,5901.0,,,,,,470.5,395.35,888.0,1017.0,2.75,2.195,98.0,98.0,99.0,98.0,99.0,98.0,99.0,99.0,97.0,95.0,98.0,96.0,96.0,96.0,94.0,90.0,90.0,92.0,93.0,90.0,87.0,86.0,85.0,79.0,79.0
RUS,9.29,,,,8477.0,496790.0,30.0,9297.0,1650951.0,1.1,,,,,,,,,,2971.0,1.0,0.0,4927.0,1172160.0,1028538.0,42.0,33877.0,2807219.0,2663597.0,1.9,,,,,,,,,151181.0,5.0,,,,,28079.0,13.0,,,,,2081.0,2363.5,,,1.9,1.875,0.0,43.0,81.0,94.0,96.0,97.0,98.0,98.0,98.0,98.0,97.0,97.0,97.0,97.0,97.0,97.0,97.0,97.0,97.0,97.0,97.0,97.0,97.0,97.0,97.0
RWA,6.47,,,,706.0,138512.0,67.0,8115.0,207232.0,1.6,,,,,,,,,,8258.0,6.0,4.0,177.0,213947.0,157276.0,100.0,3352.0,118841.0,62170.0,0.5,0.9,0.8,2.0,0.6,,,,,59654.0,50.0,,,,100.0,23098.0,28.0,,,,,277.0,156.45000000000002,,,3.1,1.415,0.0,0.0,88.0,96.0,89.0,95.0,99.0,97.0,97.0,97.0,97.0,97.0,98.0,98.0,98.0,98.0,98.0,98.0,97.0,98.0,91.0,88.0,98.0,94.0,98.0
SAU,8.37,,,75.9,2402.0,60191.0,10.0,273.0,575956.0,0.8,,95.0,93.5,,0.1,0.1,,,5.3,6002.0,10.0,1.0,292.0,53947.0,30717.0,43.0,1943.0,124150.0,100920.0,0.1,,,100.0,99.4,,,,,24452.0,20.0,,,0.0,100.0,3750.0,45.0,,,,,328.0,9.4,,,1.2,0.025,93.0,95.0,97.0,95.0,96.0,97.0,96.0,96.0,98.0,98.0,98.0,98.0,98.0,98.0,98.0,98.0,98.0,98.0,97.0,96.0,95.0,97.0,98.0,97.0,97.0
SDN,8.45,,,,3299.0,241093.0,12.0,15376.0,2019584.0,4.3,,,,,,,,,,34121.0,14.0,2.0,875.0,75859.0,55684.0,14.0,11876.0,531211.0,511036.0,1.1,,,,,,,,,21236.0,4.0,,,,,1.0,28.0,,,,,1585.5,1689.25,,,5.2,4.56,0.0,0.0,0.0,0.0,0.0,22.0,60.0,78.0,78.0,72.0,75.0,93.0,92.0,93.0,94.0,93.0,93.0,95.0,93.0,93.0,90.0,84.0,84.0,51.0,39.0
SEAR,,,,,,,,,,,,,,,,,,,,,,,,,,,,,,,,,,,,,,,,,,,,,,,,,,,,27061.5,,,0.7,1.515,10.0,9.0,9.0,11.0,18.0,24.0,28.0,30.0,47.0,53.0,53.0,56.0,75.0,75.0,82.0,88.0,89.0,90.0,90.0,91.0,86.0,83.0,93.0,90.0,92.0
SEN,30.05,,,,4755.0,10402.0,1.0,2569.0,917427.0,5.3,,35.3,,,4.0,,,,,961.0,9.0,0.0,548.0,11282.0,9633.0,9.0,2861.0,131530.0,129880.0,0.7,,,,,,,,,1736.0,1.0,,,,,193.0,15.0,,,,,664.0,627.5,,,5.85,4.14,0.0,0.0,0.0,0.0,54.0,84.0,89.0,94.0,88.0,86.0,89.0,92.0,91.0,92.0,89.0,89.0,93.0,93.0,92.0,91.0,83.0,85.0,93.0,92.0,91.0
SGP,24.44,,,17.1,1002.0,1629.0,1.0,41.0,130514.0,2.2,,,46.5,,,0.7,,,,500.0,31.0,0.0,376.0,29606.0,16737.0,95.0,116.0,31320.0,18451.0,0.3,99.3,99.1,98.0,93.9,100.0,100.0,100.0,100.0,13547.0,43.0,59.6,72.5,54.8,56.7,478.0,46.0,90.0,69.2,75.0,66.7,73.5,78.60000000000001,,,1.55,1.405,97.0,95.0,95.0,95.0,94.0,96.0,95.0,96.0,97.0,96.0,96.0,96.0,97.0,97.0,96.0,96.0,96.0,96.0,97.0,97.0,97.0,97.0,96.0,97.0,96.0
SLB,36.87,,,,258.0,3430.0,6.0,334.0,60022.0,8.3,,,,,,,,,,78.0,2.0,0.0,30.0,755.0,755.0,10.0,191.0,7293.0,7293.0,1.0,,,,,,,,,0.0,0.0,,,,,0.0,0.0,,,,,32.5,30.75,,,6.9,4.845,81.0,83.0,75.0,79.0,81.0,83.0,99.0,90.0,89.0,91.0,87.0,92.0,92.0,83.0,77.0,87.0,94.0,83.0,85.0,94.0,94.0,87.0,89.0,84.0,87.0
SLE,29.86,,,,2199.0,4006.0,1.0,2506.0,525971.0,13.5,,,,,,,,,,578.0,14.0,0.0,272.0,5617.0,4787.0,9.0,1422.0,65109.0,64279.0,0.7,,,,,,,,,874.0,1.0,,,,,96.0,16.0,,,,,642.5,328.95,,,13.4,4.97,0.0,0.0,0.0,0.0,0.0,0.0,0.0,63.0,77.0,84.0,86.0,89.0,91.0,92.0,83.0,86.0,84.0,90.0,93.0,95.0,91.0,92.0,91.0,91.0,91.0
SLV,5.93,,,,279.0,2915.0,5.0,51.0,55442.0,0.9,,,,,,,,,,567.0,19.0,1.0,94.0,966.0,938.0,7.0,74.0,14798.0,14771.0,0.2,,,,,,,,,29.0,0.0,,,,,5.0,3.0,,,,,57.0,12.0,,,1.2,0.195,99.0,75.0,81.0,94.0,90.0,89.0,96.0,99.0,98.0,91.0,89.0,89.0,92.0,92.0,94.0,94.0,98.0,92.0,89.0,96.0,89.0,97.0,95.0,96.0,95.0
SMR,4.55,,,,1.0,49.0,31.0,0.0,158.0,0.5,,,,,,,,,,15.0,30.0,9.0,1.0,115.0,50.0,69.0,1.0,166.0,102.0,0.3,,,,,,,,,68.0,41.0,,,,,4.0,59.0,,,,,0.0,0.1,0.0,0.0,0.5,0.29500000000000004,97.0,96.0,96.0,96.0,95.0,95.0,92.0,91.0,91.0,89.0,89.0,92.0,88.0,83.0,83.0,84.0,86.0,82.0,78.0,87.0,89.0,90.0,91.0,91.0,88.0
SOM,8.88,,,,1141.0,1702.0,0.0,12218.0,909909.0,5.2,,,,,,,,,,111.0,7.0,0.0,439.0,56.0,56.0,0.0,2462.0,117953.0,117953.0,0.7,,,,,,,,,0.0,0.0,,,,,1826.0,0.0,,,,,829.5,1132.3,,,12.0,9.725000000000001,0.0,0.0,0.0,0.0,0.0,0.0,0.0,0.0,0.0,0.0,0.0,0.0,0.0,44.0,46.0,48.0,49.0,51.0,53.0,57.0,55.0,62.0,71.0,69.0,70.0
SRB,11.11,,,,481.0,27351.0,23.0,127.0,118750.0,1.6,,,,,,,,,,1541.0,6.0,1.0,260.0,21148.0,10974.0,33.0,921.0,63210.0,53036.0,0.6,,,,,,,,,10710.0,17.0,,,,,989.0,51.0,,,,,43.0,61.7,,,0.55,0.725,0.0,0.0,0.0,0.0,89.0,65.0,93.0,99.0,93.0,93.0,89.0,94.0,97.0,91.0,92.0,94.0,91.0,93.0,91.0,94.0,87.0,89.0,92.0,93.0,93.0
SSD,20.23,,,,1963.0,54742.0,7.0,9232.0,744050.0,9.9,2.4,4.4,,3.6,5.0,,,,,3780.0,7.0,1.0,268.0,12541.0,8750.0,17.0,1527.0,75881.0,72090.0,0.7,,,,,,,,,3990.0,5.0,,,,,1132.0,32.0,,,,,1573.5,1123.55,,,21.65,15.559999999999999,,,,,,,,,,,,0.0,0.0,0.0,0.0,46.0,45.0,52.0,59.0,61.0,67.0,69.0,73.0,73.0,73.0
STP,48.93,,,,104.0,496.0,2.0,74.0,21073.0,9.3,,,,,,,,,,78.0,16.0,0.0,7.0,149.0,126.0,9.0,38.0,1718.0,1695.0,0.7,,,,,,,,,23.0,1.0,,,,,3.0,16.0,,,,,3.0,6.6000000000000005,,,2.45,3.5700000000000003,0.0,0.0,0.0,43.0,70.0,96.0,75.0,87.0,99.0,98.0,98.0,96.0,96.0,97.0,95.0,96.0,96.0,95.0,95.0,95.0,96.0,97.0,92.0,87.0,87.0
SUR,9.89,,,,37.0,1048.0,9.0,19.0,11402.0,1.8,,,,,,,,,,26.0,2.0,0.0,24.0,1502.0,1370.0,38.0,56.0,3930.0,3798.0,0.6,,,,,,,,,139.0,4.0,,,,,10.0,9.0,,,,,4.5,3.65,,,1.05,0.66,0.0,0.0,0.0,0.0,0.0,83.0,84.0,84.0,84.0,87.0,84.0,80.0,76.0,76.0,71.0,73.0,77.0,67.0,81.0,77.0,51.0,72.0,77.0,72.0,69.0
SVK,,,,,,1600.0,,,,,,,,,,,,,,,0.0,,,,4884.0,,,,27407.0,0.5,,,,,,,,,837.0,,,,,,259.0,,,,,,50.5,48.650000000000006,25.0,383.0,1.2,1.04,98.0,99.0,99.0,99.0,99.0,99.0,99.0,99.0,99.0,99.0,99.0,99.0,99.0,98.0,97.0,96.0,96.0,96.0,97.0,97.0,97.0,97.0,97.0,96.0,96.0
SVN,,,,,,2782.0,,,,,,,,,,,,,,999.0,36.0,,,,4191.0,,,,1078.0,0.1,,,,,,,,,3062.0,,,,,,117.0,,,,,,11.5,14.15,,,1.05,1.215,0.0,0.0,0.0,0.0,0.0,0.0,0.0,0.0,0.0,0.0,0.0,0.0,0.0,0.0,0.0,0.0,0.0,0.0,0.0,0.0,0.0,86.0,89.0,89.0,90.0
SWE,,,,,,,,,,,,,,,,,,,,,,,,,,,,,12759.0,0.1,,,,,,,,,,,,,,,,,,,,,32.0,29.75,,,0.44999999999999996,0.355,0.0,0.0,0.0,0.0,0.0,0.0,0.0,0.0,0.0,0.0,0.0,29.0,30.0,35.0,42.0,53.0,67.0,76.0,92.0,97.0,97.0,98.0,94.0,94.0,95.0
SWZ,52.88,,,,602.0,16376.0,16.0,403.0,104289.0,8.7,,43.6,38.4,,1.1,0.7,,48.4,47.9,970.0,6.0,1.0,43.0,1170.0,1137.0,24.0,66.0,4872.0,4838.0,0.4,,,,,,,,,35.0,1.0,,,,,5.0,3.0,,,,,13.5,20.150000000000002,,,1.5,2.1,83.0,86.0,88.0,90.0,93.0,95.0,93.0,92.0,90.0,88.0,89.0,91.0,95.0,98.0,98.0,90.0,90.0,90.0,90.0,90.0,83.0,77.0,97.0,85.0,84.0
SYC,19.92,100.0,0.0,0.0,21.0,651.0,12.0,36.0,5588.0,5.2,100.0,100.0,100.0,0.1,0.0,0.0,100.0,0.0,0.0,21.0,3.0,0.0,3.0,105.0,80.0,17.0,14.0,616.0,591.0,0.6,89.1,66.3,64.3,68.2,80.0,62.5,41.7,0.0,27.0,4.0,20.0,37.5,20.0,57.1,3.0,25.0,23.1,37.5,20.0,57.1,0.0,0.2,,,0.30000000000000004,0.275,97.0,95.0,98.0,99.0,99.0,99.0,99.0,99.0,99.0,98.0,99.0,99.0,98.0,98.0,99.0,97.0,96.0,97.0,99.0,99.0,97.0,94.0,97.0,97.0,94.0
SYR,17.87,,,,2896.0,128308.0,11.0,19724.0,1121632.0,1.7,,,,,,,,,,21690.0,17.0,2.0,1119.0,162152.0,133484.0,51.0,7313.0,317435.0,288767.0,1.3,,,,,,,,,30177.0,10.0,,,,,3276.0,19.0,,,,,107.5,130.2,,,0.75,1.0499999999999998,79.0,80.0,80.0,81.0,82.0,83.0,83.0,83.0,83.0,84.0,84.0,66.0,52.0,80.0,56.0,50.0,59.0,61.0,60.0,67.0,62.0,59.0,59.0,66.0,73.0
TCD,52.74,,,,8903.0,12854.0,1.0,25053.0,1687587.0,9.5,0.9,,3.1,4.7,,3.8,,,,55.0,0.0,0.0,830.0,20858.0,20319.0,15.0,2755.0,140811.0,140273.0,0.8,,,,2.3,,,,1.1,567.0,0.0,,,,,91.0,3.0,,,,,382.5,1746.65,,,4.0,15.065,0.0,0.0,0.0,0.0,0.0,0.0,0.0,0.0,17.0,24.0,39.0,33.0,40.0,39.0,36.0,42.0,41.0,41.0,47.0,53.0,55.0,62.0,66.0,67.0,68.0
TGO,41.23,,,,3468.0,11550.0,1.0,5454.0,833679.0,9.4,,,,,,,,,,153.0,1.0,0.0,280.0,5773.0,4922.0,9.0,1462.0,67050.0,66199.0,0.7,,,,,,,,,895.0,1.0,,,,,99.0,16.0,,,,,328.0,561.8000000000001,,,5.9,8.18,0.0,0.0,0.0,0.0,0.0,0.0,0.0,0.0,24.0,78.0,83.0,85.0,84.0,84.0,84.0,82.0,82.0,84.0,82.0,86.0,85.0,87.0,86.0,90.0,90.0
THA,21.02,,63.95,77.0,12958.0,214212.0,12.0,1104.0,1837909.0,2.6,,,,,,,,39.1,28.1,11952.0,6.0,1.0,2123.0,111457.0,91621.0,28.0,6630.0,394350.0,374514.0,0.5,1.2,2.3,,7.6,,,,,20880.0,5.0,4.8,,,,2095.0,19.0,,,,,463.5,1001.25,,,0.7999999999999999,1.56,95.0,95.0,95.0,96.0,96.0,96.0,96.0,96.0,98.0,98.0,98.0,98.0,98.0,99.0,99.0,99.0,99.0,99.0,97.0,97.0,97.0,92.0,92.0,92.0,92.0
TJK,25.09,,,,1706.0,33532.0,6.0,541.0,532731.0,5.4,,,,,,,,,,5000.0,15.0,1.0,848.0,19639.0,11628.0,7.0,7103.0,269978.0,261968.0,2.6,63.2,89.4,61.8,72.4,61.6,84.4,69.0,75.4,8432.0,3.0,0.0,44.9,11.6,0.0,1048.0,43.0,0.0,47.1,25.0,0.0,218.5,218.5,,,2.9,2.3699999999999997,0.0,0.0,39.0,58.0,81.0,81.0,88.0,84.0,86.0,93.0,93.0,96.0,94.0,96.0,97.0,96.0,97.0,97.0,96.0,97.0,97.0,97.0,97.0,96.0,97.0
TKM,26.02,,,,1506.0,13962.0,3.0,547.0,529437.0,8.2,,,,,,,,,,6192.0,44.0,1.0,375.0,22217.0,9145.0,13.0,4579.0,177063.0,163992.0,2.5,,,,,,,,,13759.0,8.0,,,,,1648.0,62.0,,,,,50.5,65.25,,,1.05,1.115,0.0,0.0,96.0,97.0,96.0,99.0,98.0,98.0,96.0,97.0,96.0,97.0,98.0,98.0,97.0,99.0,98.0,99.0,99.0,99.0,99.0,97.0,98.0,98.0,99.0
TLS,21.06,,,,251.0,14241.0,12.0,657.0,122190.0,9.1,,,,,,,,,,71.0,0.0,0.0,37.0,1313.0,1002.0,17.0,173.0,7777.0,7466.0,0.6,,,,,,,,,328.0,4.0,,,,,39.0,25.0,,,,,13.0,33.0,,,1.45,2.815,,,0.0,0.0,0.0,0.0,0.0,0.0,79.0,72.0,72.0,67.0,83.0,82.0,77.0,76.0,79.0,83.0,83.0,83.0,83.0,83.0,83.0,83.0,83.0
TON,55.86,,,,54.0,2686.0,,19.0,9582.0,9.0,,,,,,,,,,1.0,0.0,0.0,4.0,106.0,106.0,11.0,28.0,982.0,982.0,1.0,,,,,,,,,0.0,0.0,,,,,0.0,0.0,,,,,5.0,4.85,,,5.9,4.970000000000001,97.0,96.0,95.0,93.0,99.0,99.0,99.0,99.0,98.0,99.0,99.0,99.0,95.0,99.0,98.0,96.0,96.0,99.0,99.0,99.0,99.0,99.0,99.0,99.0,99.0
TTO,13.76,,,,128.0,1675.0,6.0,25.0,28920.0,1.9,,,,,,,,,,234.0,14.0,1.0,60.0,3726.0,3393.0,38.0,139.0,9688.0,9354.0,0.6,,,,,,,,,351.0,4.0,,,,,24.0,9.0,,,,,8.5,7.3999999999999995,,,0.8500000000000001,0.615,0.0,0.0,5.0,76.0,94.0,95.0,89.0,89.0,90.0,90.0,90.0,90.0,92.0,92.0,92.0,90.0,97.0,89.0,99.0,93.0,96.0,94.0,93.0,96.0,92.0
TUN,15.11,,,,1623.0,50432.0,11.0,325.0,440861.0,3.6,,,,,,,,,,9011.0,18.0,2.0,209.0,16458.0,11974.0,34.0,940.0,48541.0,44056.0,0.4,63.4,,,,59.1,,,,4720.0,10.0,,,,,500.0,29.0,,,,,279.5,165.4,,,2.85,1.455,94.0,94.0,93.0,92.0,96.0,97.0,99.0,98.0,99.0,99.0,98.0,98.0,97.0,98.0,98.0,98.0,98.0,98.0,97.0,98.0,97.0,97.0,97.0,97.0,97.0
TUR,9.93,,,,7043.0,282434.0,14.0,1329.0,1983857.0,2.3,,,,,,,,,,80021.0,28.0,4.0,1392.0,96549.0,57211.0,38.0,1827.0,256580.0,217242.0,0.3,,,,,,,,,41409.0,16.0,,,,,4392.0,43.0,,,,,1045.0,1421.0,,,1.45,1.7349999999999999,71.0,77.0,72.0,68.0,77.0,85.0,82.0,96.0,92.0,94.0,96.0,96.0,97.0,97.0,96.0,97.0,98.0,96.0,98.0,99.0,98.0,96.0,99.0,99.0,99.0
TUV,50.66,,,,5.0,51.0,,3.0,887.0,7.8,,,,,,,,,,1.0,2.0,0.0,0.0,11.0,11.0,10.0,3.0,113.0,113.0,1.0,,,,,,,,,0.0,0.0,,,,,0.0,0.0,,,,,0.0,0.3,,,3.1,2.795,81.0,99.0,99.0,95.0,98.0,79.0,97.0,97.0,99.0,91.0,89.0,96.0,97.0,90.0,89.0,96.0,94.0,96.0,89.0,92.0,93.0,94.0,91.0,94.0,94.0
TZA,14.41,,,0.0,8981.0,84254.0,5.0,10410.0,1855605.0,2.8,,,27.4,,,0.9,,,16.7,550.0,1.0,0.0,347.0,6971.0,6943.0,7.0,1312.0,99604.0,99576.0,0.2,,,,,,,,,29.0,0.0,,,,,3.0,0.0,,,,,1157.0,1317.35,,,2.85,2.62,0.0,0.0,89.0,95.0,95.0,90.0,90.0,83.0,86.0,85.0,91.0,90.0,92.0,91.0,97.0,96.0,92.0,90.0,89.0,91.0,91.0,86.0,87.0,83.0,83.0
UGA,5.08,,,,1683.0,396370.0,35.0,5549.0,1123667.0,2.4,18.9,,56.6,2.0,,1.5,51.0,,40.2,5412.0,1.0,0.0,723.0,30614.0,30333.0,9.0,5678.0,356324.0,356043.0,0.7,,,,,,,,,296.0,0.0,,,,,54.0,1.0,,,,,1343.0,824.25,,,4.75,2.2,0.0,0.0,29.0,44.0,62.0,64.0,64.0,73.0,71.0,79.0,80.0,82.0,83.0,84.0,85.0,89.0,93.0,94.0,93.0,93.0,89.0,91.0,89.0,91.0,91.0
UKR,20.42,,0.6,,1650.0,60781.0,12.0,990.0,505658.0,1.3,52.52,61.2,63.0,0.59,0.4,0.5,,100.0,,1830.0,3.0,0.0,6732.0,148725.0,96095.0,11.0,18031.0,1303336.0,1250706.0,3.4,,,,,,,,,55400.0,4.0,15.1,15.5,17.5,74.7,12780.0,37.0,,,,,262.0,250.15,1325.0,2866.0,0.8,0.69,4.0,7.0,48.0,77.0,98.0,97.0,96.0,92.0,84.0,66.0,48.0,21.0,46.0,46.0,22.0,22.0,26.0,52.0,67.0,77.0,81.0,77.0,62.0,79.0,88.0
URY,5.01,,,,18.0,1850.0,34.0,8.0,5415.0,5.0,,,100.0,,,0.0,,,,141.0,8.0,3.0,152.0,2534.0,1851.0,14.0,57.0,17703.0,17020.0,0.5,25.0,,,,0.0,,,,719.0,4.0,100.0,,,,53.0,28.0,0.0,,,,18.5,14.299999999999999,,,0.7,0.48000000000000004,92.0,94.0,95.0,91.0,94.0,96.0,95.0,94.0,94.0,95.0,95.0,95.0,95.0,95.0,95.0,95.0,95.0,93.0,91.0,94.0,92.0,91.0,94.0,95.0,94.0
USA,6.08,,,,,,,,,,,,,,,,,,,,,,,,,,,,,,,,,,,,,,,,,,,,,,,,,,363.0,355.90000000000003,,,0.1,0.11,90.0,89.0,88.0,92.0,92.0,93.0,93.0,93.0,94.0,92.0,92.0,91.0,90.0,91.0,92.0,92.0,93.0,91.0,91.0,91.0,91.0,92.0,93.0,93.0,93.0
UZB,8.88,,,,1611.0,151472.0,21.0,801.0,713947.0,2.1,,,,,,,,,,15002.0,10.0,2.0,1492.0,109688.0,17714.0,9.0,35598.0,1157817.0,1065843.0,3.0,35.2,,,,,,,,96814.0,8.0,,,,,10000.0,88.0,,,,,744.5,800.9000000000001,,,2.75,2.465,0.0,0.0,62.0,99.0,99.0,99.0,98.0,99.0,91.0,98.0,99.0,99.0,99.0,99.0,99.0,99.0,99.0,99.0,98.0,96.0,95.0,98.0,99.0,99.0,88.0
VCT,9.75,,,,6.0,107.0,7.0,5.0,1632.0,1.6,,,,,,,,,,4.0,4.0,0.0,4.0,254.0,230.0,39.0,9.0,655.0,632.0,0.6,,,,,,,,,25.0,4.0,,,,,2.0,10.0,,,,,0.5,0.8,,,0.8500000000000001,0.7999999999999999,0.0,0.0,0.0,31.0,99.0,99.0,99.0,99.0,99.0,99.0,99.0,96.0,96.0,97.0,98.0,99.0,99.0,99.0,97.0,98.0,98.0,99.0,99.0,94.0,99.0
VEN,7.84,,,,1053.0,30019.0,8.0,1187.0,358847.0,1.3,,,,,,,,,,2994.0,10.0,1.0,1159.0,35392.0,32486.0,22.0,3150.0,162399.0,159493.0,0.6,,,,,,,,,3059.0,2.0,,,,,270.0,9.0,,,,,448.0,258.9,,,1.7,0.98,5.0,53.0,60.0,72.0,82.0,88.0,71.0,62.0,53.0,84.0,78.0,78.0,81.0,82.0,78.0,87.0,84.0,66.0,60.0,64.0,54.0,56.0,43.0,54.0,62.0
VNM,30.72,,,,26725.0,2716919.0,42.0,12605.0,6520442.0,7.2,,,,,,,,,,91246.0,3.0,1.0,3894.0,123576.0,51061.0,13.0,17944.0,963512.0,890997.0,0.9,,,,,,,,,76332.0,8.0,,,,19.9,8217.0,62.0,,,,,2960.0,4865.05,,,3.7,5.29,0.0,0.0,0.0,78.0,94.0,94.0,93.0,67.0,87.0,94.0,88.0,95.0,97.0,59.0,95.0,97.0,96.0,94.0,75.0,89.0,94.0,83.0,91.0,65.0,97.0
VUT,42.49,,,,119.0,5112.0,21.0,120.0,23998.0,7.3,,,,,,,,,,2.0,0.0,0.0,14.0,326.0,326.0,11.0,85.0,3048.0,3048.0,1.0,,,,,,,,,0.0,0.0,,,,,0.0,0.0,,,,,19.0,17.849999999999998,,,10.9,6.79,70.0,68.0,66.0,64.0,63.0,61.0,59.0,63.0,67.0,70.0,75.0,79.0,82.0,84.0,86.0,80.0,81.0,85.0,85.0,90.0,78.0,62.0,68.0,72.0,71.0
WB_HI,,,,,,,,,,,,,,,,,,,,,,,,,,,,,,,,,,,,,,,,,,,,,,,,,,,,,,,,,54.0,60.0,65.0,68.0,70.0,71.0,72.0,73.0,74.0,74.0,75.0,77.0,77.0,77.0,79.0,79.0,80.0,80.0,80.0,92.0,91.0,92.0,92.0,91.0,91.0
WB_LI,,,,,,,,,,,,,,,,,,,,,,,,,,,,,,,,,,,,,,,,,,,,,,,,,,,,,,,,,4.0,6.0,20.0,27.0,32.0,38.0,46.0,64.0,66.0,72.0,71.0,72.0,71.0,74.0,74.0,74.0,75.0,76.0,76.0,77.0,74.0,71.0,72.0,70.0,70.0
WB_LMI,,,,,,,,,,,,,,,,,,,,,,,,,,,,,,,,,,,,,,,,,,,,,,,,,,,,,,,,,6.0,8.0,14.0,24.0,29.0,36.0,41.0,44.0,56.0,61.0,60.0,62.0,73.0,71.0,77.0,81.0,83.0,83.0,85.0,86.0,82.0,81.0,85.0,85.0,86.0
WB_UMI,,,,,,,,,,,,,,,,,,,,,,,,,,,,,,,,,,,,,,,,,,,,,,,,,,,,,,,,,65.0,67.0,71.0,76.0,81.0,84.0,88.0,90.0,92.0,94.0,93.0,93.0,94.0,93.0,93.0,92.0,92.0,91.0,91.0,90.0,88.0,86.0,91.0,90.0,88.0
WPR,,,,,,,,,,,,,,,,,,,,,,,,,,,,,,,,,,,,,,,,,,,,,,,,,,,,53874.5,,,0.9,2.885,49.0,56.0,59.0,69.0,72.0,76.0,85.0,85.0,89.0,92.0,92.0,93.0,93.0,90.0,92.0,92.0,93.0,93.0,91.0,95.0,95.0,92.0,94.0,90.0,91.0
WSM,32.41,,,,60.0,140.0,,41.0,9646.0,4.3,,,,,,,,,,1.0,1.0,0.0,9.0,222.0,222.0,11.0,58.0,2056.0,2056.0,1.0,,,,,,,,,0.0,0.0,,,,,0.0,0.0,,,,,3.0,2.8499999999999996,,,2.2,1.575,93.0,93.0,92.0,90.0,62.0,51.0,46.0,58.0,26.0,58.0,72.0,75.0,82.0,85.0,81.0,80.0,74.0,67.0,44.0,68.0,89.0,85.0,76.0,83.0,85.0
YEM,11.0,,,,2843.0,4119.0,0.0,5474.0,948579.0,2.8,,,,,,,,,,600.0,15.0,0.0,1361.0,126593.0,97837.0,44.0,4143.0,285945.0,257189.0,0.8,,,,,,,,,30269.0,11.0,,,,,2997.0,24.0,,,,,706.0,814.0,,,3.7,3.4899999999999998,14.0,19.0,31.0,38.0,43.0,80.0,78.0,79.0,78.0,76.0,76.0,69.0,67.0,71.0,70.0,63.0,63.0,59.0,54.0,60.0,57.0,56.0,58.0,46.0,42.0
ZAF,44.41,,,,25564.0,634294.0,23.0,13339.0,2741289.0,4.6,,,20.1,,,0.7,,,,3911.0,1.0,0.0,2138.0,58779.0,57354.0,24.0,3159.0,245403.0,243978.0,0.4,100.0,,,,100.0,,,,1500.0,1.0,94.4,,,,100.0,3.0,94.4,,,,1008.5,2776.25,,,2.6,6.08,73.0,72.0,72.0,71.0,76.0,79.0,83.0,83.0,76.0,74.0,71.0,76.0,70.0,73.0,85.0,85.0,85.0,84.0,82.0,85.0,84.0,86.0,85.0,79.0,74.0
ZMB,10.79,,,,1684.0,26710.0,7.0,2169.0,363042.0,1.8,8.1,8.2,12.0,5.3,3.1,3.0,,,89.0,2987.0,11.0,1.0,491.0,22750.0,16050.0,16.0,2801.0,140426.0,133727.0,0.7,,,,,,,,,7052.0,5.0,,,,,2077.0,31.0,,,,,354.5,490.8,,,2.9499999999999997,3.225,0.0,0.0,0.0,0.0,0.0,82.0,81.0,80.0,87.0,94.0,83.0,81.0,78.0,79.0,86.0,90.0,95.0,94.0,90.0,88.0,84.0,91.0,92.0,90.0,91.0
ZWE,52.64,,,,7876.0,7343.0,1.0,5389.0,1260932.0,7.7,,,,,,,,,,2164.0,29.0,0.0,582.0,15879.0,15439.0,24.0,897.0,67032.0,66593.0,0.4,,,,,,,,,462.0,1.0,,,,,68.0,3.0,,,,,840.0,760.0,,,7.25,6.29,79.0,76.0,73.0,70.0,68.0,65.0,68.0,72.0,75.0,73.0,90.0,94.0,97.0,95.0,91.0,87.0,90.0,89.0,89.0,90.0,86.0,88.0,90.0,90.0,91.0
