IndicatorCode,FOODSAFETY_IHR_PERCENT,FOODSAFETY_IHR_PERCENT,FOODSAFETY_IHR_PERCENT,FOODSAFETY_IHR_PERCENT,FOODSAFETY_JEE_SCORE,FOODSAFETY_JEE_SCORE,FOODSAFETY_JEE_SCORE,FOODSAFETY_JEE_SCORE,FOODSAFETY_JEE_SCORE,FOODSAFETY_JEE_SCORE,FOODSAFETY_JEE_SCORE,FOODSAFETY_JEE_SCORE,IHRSPAR2_C01,IHRSPAR2_C01,IHRSPAR2_C01,IHRSPAR2_C02,IHRSPAR2_C02,IHRSPAR2_C02,SDGIHR,SDGIHR,SDGIHR,SDGIHR,SDGIHR,SDGIHR,SDGIHR,SDGIHR,SDGIHR2018,SDGIHR2018,SDGIHR2018,SDGIHR2021,SDGIHR2021,SDGIHR2021,SDGIHR2021,UHC_IHR,UHC_IHR,UHC_IHR,UHC_IHR,UHC_IHR,UHC_IHR,UHC_IHR
YEAR,2021,2022,2023,2024,2016,2017,2018,2019,2021,2022,2023,2024,2021,2022,2023,2021,2022,2023,2010,2011,2012,2013,2014,2015,2016,2017,2018,2019,2020,2021,2022,2023,2024,2010,2011,2012,2013,2014,2015,2016
COUNTRY,,,,,,,,,,,,,,,,,,,,,,,,,,,,,,,,,,,,,,,,
11,,,,,,,,,,,,,34.0,36.0,37.0,53.0,53.0,52.0,40.0,38.0,38.0,64.0,50.0,56.0,60.0,56.0,42.0,42.0,44.0,50.0,51.0,49.0,,,,,,,,
13,,,,,,,,,,,,,51.0,50.0,42.0,68.0,67.0,68.0,49.0,62.0,70.0,76.0,78.0,79.0,82.0,81.0,63.0,74.0,74.0,69.0,67.0,64.0,,,,,,,,
14,,,,,,,,,,,,,40.0,42.0,45.0,52.0,53.0,53.0,38.0,51.0,54.0,49.0,56.0,64.0,70.0,56.0,42.0,49.0,53.0,52.0,54.0,52.0,,,,,,,,
142,,,,,,,,,,,,,59.0,65.0,65.0,75.0,77.0,74.0,64.0,70.0,72.0,77.0,81.0,82.0,82.0,80.0,67.0,69.0,70.0,70.0,73.0,70.0,,,,,,,,
143,,,,,,,,,,,,,56.0,52.0,56.0,68.0,70.0,72.0,,77.0,80.0,82.0,87.0,84.0,,,59.0,64.0,64.0,66.0,68.0,65.0,,,,,,,,
145,,,,,,,,,,,,,59.0,68.0,66.0,75.0,76.0,69.0,63.0,74.0,76.0,81.0,83.0,88.0,87.0,83.0,75.0,73.0,73.0,73.0,76.0,72.0,,,,,,,,
15,,,,,,,,,,,,,53.0,55.0,57.0,70.0,70.0,69.0,64.0,55.0,58.0,68.0,77.0,68.0,76.0,77.0,68.0,70.0,69.0,65.0,68.0,69.0,,,,,,,,
150,,,,,,,,,,,,,63.0,65.0,64.0,75.0,75.0,75.0,68.0,71.0,78.0,79.0,80.0,82.0,78.0,77.0,73.0,75.0,74.0,74.0,75.0,75.0,,,,,,,,
151,,,,,,,,,,,,,65.0,70.0,64.0,77.0,74.0,73.0,73.0,77.0,80.0,86.0,81.0,86.0,85.0,78.0,74.0,71.0,73.0,74.0,76.0,74.0,,,,,,,,
154,,,,,,,,,,,,,76.0,76.0,76.0,81.0,82.0,86.0,70.0,73.0,84.0,88.0,88.0,89.0,86.0,85.0,85.0,85.0,84.0,82.0,82.0,83.0,,,,,,,,
155,,,,,,,,,,,,,60.0,62.0,63.0,74.0,76.0,76.0,71.0,77.0,80.0,85.0,87.0,86.0,86.0,85.0,80.0,84.0,83.0,78.0,78.0,79.0,,,,,,,,
17,,,,,,,,,,,,,27.0,34.0,30.0,45.0,47.0,47.0,31.0,39.0,53.0,39.0,43.0,42.0,44.0,44.0,36.0,33.0,41.0,39.0,43.0,41.0,,,,,,,,
18,,,,,,,,,,,,,28.0,26.0,32.0,41.0,39.0,49.0,50.0,60.0,58.0,53.0,76.0,69.0,77.0,70.0,43.0,45.0,54.0,48.0,53.0,54.0,,,,,,,,
19,,,,,,,,,,,,,50.0,55.0,50.0,68.0,68.0,66.0,53.0,63.0,66.0,73.0,75.0,77.0,80.0,80.0,66.0,71.0,72.0,67.0,67.0,64.0,,,,,,,,
199,,,,,,,,,,,,,38.0,41.0,41.0,54.0,56.0,53.0,42.0,44.0,49.0,52.0,51.0,59.0,57.0,52.0,41.0,44.0,48.0,49.0,51.0,49.0,,,,,,,,
2,,,,,,,,,,,,,36.0,39.0,40.0,52.0,53.0,53.0,44.0,46.0,51.0,53.0,57.0,60.0,62.0,57.0,44.0,46.0,50.0,50.0,53.0,51.0,,,,,,,,
202,,,,,,,,,,,,,34.0,37.0,38.0,50.0,51.0,51.0,40.0,44.0,50.0,51.0,53.0,59.0,59.0,55.0,41.0,43.0,48.0,48.0,51.0,49.0,,,,,,,,
21,,,,,,,,,,,,,70.0,75.0,75.0,96.0,96.0,96.0,79.0,92.0,97.0,97.0,98.0,98.0,98.0,100.0,95.0,96.0,96.0,94.0,93.0,93.0,,,,,,,,
29,,,,,,,,,,,,,49.0,53.0,52.0,68.0,70.0,69.0,50.0,60.0,61.0,67.0,65.0,68.0,74.0,72.0,57.0,64.0,61.0,62.0,64.0,65.0,,,,,,,,
30,,,,,,,,,,,,,78.0,88.0,80.0,95.0,95.0,88.0,79.0,77.0,81.0,87.0,88.0,89.0,90.0,90.0,84.0,87.0,89.0,88.0,88.0,83.0,,,,,,,,
34,,,,,,,,,,,,,42.0,50.0,52.0,67.0,70.0,69.0,52.0,54.0,59.0,63.0,67.0,68.0,70.0,64.0,52.0,54.0,62.0,60.0,62.0,64.0,,,,,,,,
35,,,,,,,,,,,,,66.0,69.0,69.0,75.0,79.0,80.0,66.0,72.0,71.0,77.0,82.0,83.0,86.0,84.0,65.0,65.0,67.0,68.0,70.0,71.0,,,,,,,,
39,,,,,,,,,,,,,53.0,55.0,55.0,69.0,71.0,67.0,59.0,59.0,60.0,62.0,67.0,70.0,66.0,66.0,60.0,66.0,64.0,66.0,68.0,66.0,,,,,,,,
419,,,,,,,,,,,,,49.0,53.0,49.0,67.0,66.0,64.0,50.0,61.0,64.0,72.0,73.0,76.0,79.0,79.0,63.0,69.0,70.0,65.0,65.0,62.0,,,,,,,,
432,,,,,,,,,,,,,45.0,47.0,47.0,58.0,59.0,59.0,51.0,58.0,58.0,58.0,66.0,68.0,68.0,59.0,49.0,53.0,55.0,56.0,58.0,55.0,,,,,,,,
5,,,,,,,,,,,,,48.0,56.0,50.0,64.0,60.0,57.0,51.0,61.0,63.0,74.0,79.0,82.0,81.0,82.0,71.0,71.0,73.0,66.0,64.0,58.0,,,,,,,,
513,,,,,,,,,,,,,63.0,66.0,64.0,76.0,76.0,76.0,69.0,72.0,79.0,81.0,81.0,83.0,80.0,79.0,74.0,77.0,75.0,75.0,76.0,76.0,,,,,,,,
514,,,,,,,,,,,,,64.0,67.0,66.0,77.0,78.0,76.0,69.0,73.0,81.0,82.0,82.0,84.0,81.0,81.0,75.0,77.0,76.0,76.0,77.0,76.0,,,,,,,,
515,,,,,,,,,,,,,48.0,52.0,50.0,62.0,63.0,61.0,53.0,58.0,63.0,67.0,70.0,73.0,74.0,68.0,56.0,58.0,61.0,60.0,62.0,59.0,,,,,,,,
53,,,,,,,,,,,,,100.0,100.0,100.0,93.0,93.0,93.0,90.0,94.0,97.0,98.0,99.0,99.0,98.0,99.0,90.0,87.0,89.0,87.0,87.0,87.0,,,,,,,,
54,,,,,,,,,,,,,47.0,35.0,32.0,56.0,27.0,40.0,20.0,47.0,33.0,66.0,73.0,51.0,,46.0,42.0,21.0,51.0,60.0,51.0,51.0,,,,,,,,
543,,,,,,,,,,,,,54.0,60.0,39.0,46.0,48.0,48.0,45.0,56.0,57.0,67.0,68.0,70.0,73.0,60.0,52.0,50.0,56.0,56.0,59.0,52.0,,,,,,,,
57,,,,,,,,,,,,,50.0,60.0,44.0,35.0,20.0,40.0,53.0,56.0,68.0,60.0,64.0,77.0,78.0,78.0,49.0,47.0,58.0,51.0,53.0,48.0,,,,,,,,
61,,,,,,,,,,,,,62.0,72.0,40.0,46.0,65.0,65.0,59.0,58.0,67.0,74.0,68.0,77.0,56.0,49.0,64.0,67.0,57.0,56.0,65.0,58.0,,,,,,,,
62,,,,,,,,,,,,,47.0,51.0,54.0,68.0,70.0,70.0,52.0,63.0,63.0,65.0,73.0,72.0,70.0,64.0,55.0,58.0,62.0,62.0,64.0,64.0,,,,,,,,
722,,,,,,,,,,,,,51.0,53.0,47.0,57.0,60.0,57.0,46.0,56.0,58.0,64.0,66.0,67.0,70.0,66.0,53.0,56.0,57.0,58.0,59.0,57.0,,,,,,,,
747,,,,,,,,,,,,,58.0,64.0,64.0,73.0,75.0,69.0,63.0,68.0,70.0,77.0,81.0,83.0,83.0,81.0,73.0,72.0,72.0,71.0,74.0,71.0,,,,,,,,
753,,,,,,,,,,,,,70.0,75.0,72.0,81.0,84.0,82.0,70.0,74.0,74.0,81.0,84.0,85.0,87.0,86.0,71.0,72.0,74.0,75.0,76.0,75.0,,,,,,,,
777,,,,,,,,,,,,,65.0,67.0,66.0,77.0,77.0,76.0,70.0,73.0,80.0,82.0,82.0,84.0,81.0,80.0,75.0,77.0,76.0,76.0,77.0,76.0,,,,,,,,
9,,,,,,,,,,,,,62.0,69.0,47.0,54.0,58.0,54.0,54.0,64.0,62.0,71.0,73.0,76.0,81.0,69.0,57.0,61.0,62.0,61.0,66.0,57.0,,,,,,,,
AFG,20.0,20.0,20.0,20.0,1.0,,,,,,,,20.0,20.0,20.0,60.0,60.0,33.0,45.0,25.0,25.0,36.0,46.0,42.0,42.0,41.7827,35.0,43.0,47.0,41.0,40.0,38.0667,35.0,45.0,25.0,25.0,36.0,46.0,45.0,42.0
AFR,,,,43.0,,,,,,,,,35.319149,37.872341,38.936169,50.510639,51.063831,52.212765,,,,,,,,56.3,42.0,44.0,49.0,49.445389,51.730495,50.3461,50.0,,,,,,,
AGO,20.0,20.0,40.0,40.0,,,,1.5,,,2.0,,30.0,40.0,40.0,73.0,93.0,93.0,,41.0,,41.0,18.0,,,75.23131,59.0,63.0,65.0,40.0,58.0,57.4667,52.0,,41.0,,41.0,18.0,,
ALB,80.0,100.0,100.0,100.0,4.0,,,,,,,,70.0,100.0,100.0,87.0,100.0,100.0,,,,,,,,45.76656,,62.0,73.0,76.0,91.0,94.8,88.0,,,,,,,
AMR,,,,63.0,,,,,,,,,50.3125,54.57143,50.285713,68.5,67.571426,65.85714,,,,,,,,80.4,66.0,71.0,72.0,67.0625,66.691429,63.68,64.0,,,,,,,
AND,,,,80.0,,,,,,,,,,,,,,,36.0,29.0,31.0,20.0,29.0,28.0,29.0,29.03694,37.0,40.0,41.0,,,,50.0,36.0,29.0,31.0,20.0,29.0,29.0,29.0
ARE,80.0,80.0,80.0,80.0,,5.0,,,,,,,100.0,100.0,100.0,100.0,100.0,100.0,36.0,50.0,56.0,88.0,92.0,91.0,91.0,96.78419,95.0,96.0,96.0,96.0,96.0,96.4667,97.0,36.0,50.0,56.0,88.0,92.0,97.0,91.0
ARG,80.0,80.0,80.0,80.0,,,,,,,,,50.0,70.0,70.0,40.0,53.0,53.0,,67.0,71.0,75.0,80.0,84.0,76.0,70.22102,64.0,61.0,64.0,65.0,67.0,64.1333,59.0,,67.0,71.0,75.0,80.0,83.0,76.0
ARM,60.0,60.0,40.0,60.0,5.0,,,,,,2.5,,60.0,60.0,50.0,100.0,100.0,67.0,75.0,76.0,89.0,92.0,94.0,96.0,,95.3356,83.0,83.0,84.0,84.0,84.0,56.6,59.0,75.0,76.0,89.0,92.0,94.0,96.0,
ATG,80.0,80.0,80.0,80.0,,,,,,,,,40.0,30.0,30.0,40.0,47.0,47.0,66.0,53.0,72.0,73.0,85.0,87.0,81.0,70.7879,42.0,,,52.0,54.0,56.2,57.0,66.0,53.0,72.0,73.0,85.0,88.0,81.0
AUS,100.0,100.0,100.0,100.0,,5.0,,,,,,,100.0,100.0,100.0,93.0,93.0,93.0,93.0,95.0,99.0,98.0,99.0,100.0,100.0,99.67949,90.0,92.0,92.0,88.0,89.0,89.3333,91.0,93.0,95.0,99.0,98.0,99.0,100.0,100.0
AUT,100.0,80.0,80.0,80.0,,,,,,,,,40.0,40.0,40.0,67.0,67.0,67.0,86.0,96.0,93.0,90.0,91.0,86.0,87.0,68.21569,59.0,67.0,67.0,71.0,69.0,66.9333,67.0,86.0,96.0,93.0,90.0,91.0,87.0,87.0
AZE,80.0,80.0,80.0,80.0,,,,,,,3.5,,80.0,80.0,60.0,87.0,73.0,60.0,53.0,79.0,,84.0,84.0,,,,83.0,87.0,86.0,84.0,81.0,64.5333,67.0,53.0,79.0,,84.0,84.0,,
BDI,20.0,20.0,20.0,20.0,,,2.0,,,,1.0,,20.0,30.0,40.0,27.0,27.0,33.0,,15.0,39.0,36.0,62.0,56.0,62.0,24.89843,23.0,47.0,53.0,38.0,42.0,32.1333,35.0,,15.0,39.0,36.0,62.0,56.0,62.0
BEL,80.0,20.0,60.0,60.0,,5.0,,,,,,,20.0,20.0,40.0,27.0,27.0,53.0,74.0,74.0,82.0,81.0,82.0,82.0,82.0,82.90359,80.0,84.0,81.0,67.0,63.0,76.1333,76.0,74.0,74.0,82.0,81.0,82.0,82.0,82.0
BEN,40.0,40.0,20.0,60.0,,1.0,,,,,1.0,,20.0,20.0,30.0,47.0,40.0,27.0,57.0,46.0,43.0,,44.0,,28.0,30.31163,35.0,35.0,35.0,39.0,41.0,33.8,42.0,57.0,46.0,43.0,0.0,44.0,,28.0
BFA,40.0,40.0,40.0,40.0,,1.0,,,,,,2.0,40.0,50.0,50.0,53.0,60.0,60.0,,,42.0,64.0,50.0,,,44.73519,29.0,44.0,51.0,54.0,57.0,56.9333,37.0,,,42.0,64.0,50.0,,
BGD,60.0,60.0,80.0,80.0,3.0,,,,,,,2.0,60.0,60.0,70.0,80.0,80.0,80.0,68.0,60.0,67.0,77.0,82.0,85.0,76.0,77.74591,58.0,67.0,70.0,68.0,68.0,71.3333,69.0,68.0,60.0,67.0,77.0,82.0,88.0,76.0
BGR,80.0,80.0,80.0,80.0,,,,,,,,,80.0,80.0,80.0,60.0,60.0,60.0,,62.0,,,69.0,,,,64.0,72.0,70.0,72.0,72.0,74.4667,74.0,,62.0,,,69.0,,
BHR,100.0,80.0,100.0,100.0,4.0,,,,,,,,100.0,100.0,100.0,67.0,73.0,67.0,67.0,73.0,85.0,84.0,92.0,96.0,96.0,93.04323,88.0,80.0,,80.0,84.0,86.0667,92.0,67.0,73.0,85.0,84.0,92.0,96.0,96.0
BHS,60.0,80.0,80.0,80.0,,,,,,,,,30.0,20.0,30.0,80.0,80.0,80.0,59.0,57.0,,,61.0,58.0,75.0,77.78353,50.0,62.0,65.0,55.0,56.0,59.8,60.0,59.0,57.0,,,61.0,61.0,75.0
BIH,40.0,40.0,40.0,,,,,,,,,,30.0,30.0,30.0,47.0,40.0,33.0,38.0,45.0,,,56.0,55.0,57.0,57.98547,33.0,35.0,,38.0,36.0,33.8667,,38.0,45.0,,,56.0,55.0,57.0
BLR,100.0,100.0,100.0,100.0,,,,,,,,,60.0,60.0,60.0,100.0,100.0,100.0,,73.0,,,90.0,,,,96.0,,97.0,94.0,95.0,96.4667,96.0,,73.0,,,90.0,,
BLZ,80.0,80.0,80.0,80.0,0.0,,,,,,,,20.0,20.0,40.0,33.0,33.0,60.0,32.0,47.0,49.0,43.0,,56.0,,,33.0,,48.0,46.0,46.0,54.0667,55.0,32.0,47.0,49.0,43.0,,55.0,
BOL,20.0,80.0,20.0,20.0,,,,,,,,,20.0,40.0,30.0,47.0,60.0,53.0,,35.0,57.0,64.0,61.0,67.0,77.0,76.38551,,,58.0,56.0,70.0,47.6,46.0,,35.0,57.0,64.0,61.0,71.0,77.0
BRA,100.0,100.0,80.0,40.0,,,,,,,,,90.0,50.0,50.0,87.0,80.0,80.0,53.0,81.0,,89.0,96.0,97.0,97.0,96.141,87.0,87.0,92.0,87.0,69.0,74.6,65.0,53.0,81.0,,89.0,96.0,99.0,97.0
BRB,,80.0,80.0,80.0,,,,,,,,,,70.0,70.0,,80.0,80.0,60.0,73.0,69.0,78.0,71.0,90.0,84.0,91.94527,,,56.0,,70.0,69.4667,67.0,60.0,73.0,69.0,78.0,71.0,90.0,84.0
BRN,,,80.0,80.0,,,,3.0,,,,,,,50.0,,,80.0,51.0,54.0,68.0,82.0,88.0,91.0,,67.16072,,,,,,70.9333,71.0,51.0,54.0,68.0,82.0,88.0,92.0,
BTN,60.0,60.0,60.0,60.0,,2.0,,,,,,,30.0,40.0,50.0,47.0,53.0,67.0,29.0,50.0,,35.0,59.0,64.0,76.0,73.39328,53.0,59.0,71.0,52.0,63.0,63.9333,64.0,29.0,50.0,,35.0,59.0,68.0,76.0
BWA,40.0,40.0,80.0,20.0,,1.0,,,,,,2.0,40.0,40.0,40.0,20.0,27.0,27.0,47.0,,,35.0,,56.0,,42.08349,26.0,30.0,43.0,34.0,42.0,39.2,45.0,47.0,,,35.0,,62.0,
CAF,40.0,40.0,20.0,20.0,,,1.0,,,,1.0,,30.0,20.0,20.0,20.0,20.0,33.0,,28.0,,19.0,24.0,,29.0,26.88327,13.0,17.0,32.0,31.0,34.0,29.6667,34.0,,28.0,,19.0,24.0,,29.0
CAN,100.0,100.0,100.0,100.0,,,5.0,,,,,,60.0,70.0,70.0,100.0,100.0,100.0,71.0,95.0,98.0,99.0,100.0,99.0,100.0,100.0,99.0,99.0,100.0,97.0,96.0,96.2,96.0,71.0,95.0,98.0,99.0,100.0,100.0,100.0
CHE,80.0,80.0,80.0,80.0,,4.0,,,,,,,100.0,100.0,100.0,100.0,100.0,100.0,79.0,86.0,85.0,88.0,91.0,91.0,92.0,91.27872,,95.0,,92.0,92.0,91.1333,90.0,79.0,86.0,85.0,88.0,91.0,91.0,92.0
CHL,80.0,40.0,80.0,40.0,,,,,,,,,50.0,60.0,70.0,80.0,80.0,100.0,,87.0,66.0,73.0,72.0,74.0,79.0,83.64106,74.0,76.0,76.0,73.0,78.0,83.1333,79.0,,87.0,66.0,73.0,72.0,79.0,79.0
CHN,80.0,80.0,80.0,80.0,,,,,,,,,90.0,90.0,90.0,93.0,93.0,100.0,87.0,89.0,86.0,94.0,98.0,99.0,98.0,100.0,94.0,93.0,94.0,94.0,93.0,94.0,94.0,87.0,89.0,86.0,94.0,98.0,99.0,99.0
CIV,,,,40.0,2.0,,,,,,2.5,,40.0,20.0,30.0,40.0,40.0,40.0,,52.0,,87.0,,,78.0,86.59348,44.0,44.0,44.0,54.0,53.0,49.6,47.0,,52.0,,87.0,,,78.0
CMR,20.0,20.0,40.0,40.0,,2.0,,,,,,,20.0,20.0,20.0,47.0,47.0,60.0,46.0,65.0,65.0,89.0,91.0,,54.0,57.35698,38.0,42.0,50.0,41.0,40.0,49.6667,44.0,46.0,65.0,65.0,89.0,91.0,,54.0
COD,40.0,40.0,20.0,20.0,,,,,,,2.0,,30.0,40.0,40.0,60.0,60.0,33.0,40.0,60.0,65.0,61.0,69.0,72.0,71.0,65.21345,34.0,35.0,52.0,43.0,48.0,33.1333,37.0,40.0,60.0,65.0,61.0,69.0,75.0,71.0
COG,80.0,80.0,20.0,20.0,,,,1.0,,,1.0,,30.0,50.0,40.0,47.0,33.0,27.0,15.0,57.0,65.0,28.0,,,44.0,30.0,47.0,33.0,37.0,51.0,47.0,35.7333,34.0,15.0,57.0,65.0,28.0,,,44.0
COK,80.0,60.0,60.0,60.0,,,,,,,,,50.0,60.0,50.0,60.0,73.0,73.0,,,89.0,89.0,,67.0,56.0,43.14556,65.0,68.0,59.0,59.0,71.0,68.2667,70.0,,,89.0,89.0,,63.0,56.0
COL,80.0,80.0,80.0,80.0,,,,,,,,,60.0,60.0,60.0,80.0,80.0,73.0,78.0,48.0,70.0,74.0,75.0,85.0,89.0,88.15664,66.0,69.0,75.0,69.0,73.0,65.8667,68.0,78.0,48.0,70.0,74.0,75.0,86.0,89.0
COM,40.0,40.0,40.0,40.0,,2.0,,,,,,,20.0,20.0,20.0,40.0,40.0,40.0,,,,29.0,,,,37.36737,19.0,27.0,41.0,41.0,41.0,42.8667,50.0,,,,29.0,,,
CPV,60.0,80.0,80.0,40.0,,,,1.0,,,,,40.0,80.0,80.0,47.0,60.0,60.0,58.0,,,,,,62.0,64.51923,46.0,48.0,52.0,57.0,62.0,61.6667,60.0,58.0,,,,,,62.0
CRI,80.0,80.0,80.0,80.0,,,,,,,,,20.0,20.0,20.0,80.0,60.0,60.0,77.0,69.0,82.0,89.0,89.0,83.0,86.0,87.15872,70.0,77.0,77.0,67.0,65.0,65.3333,66.0,77.0,69.0,82.0,89.0,89.0,85.0,86.0
CUB,100.0,100.0,100.0,100.0,,,,,,,,,70.0,100.0,100.0,100.0,100.0,93.0,,92.0,99.0,99.0,96.0,99.0,99.0,99.3007,100.0,78.0,,95.0,99.0,95.6,90.0,,92.0,99.0,99.0,96.0,100.0,99.0
CYP,100.0,100.0,100.0,80.0,,,,,,,,,20.0,60.0,60.0,80.0,80.0,53.0,44.0,51.0,,67.0,62.0,,93.0,95.64103,74.0,74.0,67.0,64.0,68.0,65.9333,61.0,44.0,51.0,,67.0,62.0,,93.0
CZE,80.0,80.0,80.0,80.0,,,,,,,,,40.0,50.0,50.0,67.0,67.0,67.0,86.0,85.0,92.0,88.0,88.0,88.0,,93.82146,67.0,68.0,,76.0,77.0,77.3333,77.0,86.0,85.0,92.0,88.0,88.0,91.0,
DEU,80.0,80.0,80.0,80.0,,,,,,,,,90.0,90.0,90.0,100.0,100.0,100.0,81.0,86.0,92.0,,99.0,,,96.53846,91.0,88.0,89.0,87.0,87.0,85.1333,85.0,81.0,86.0,92.0,,99.0,,
DJI,60.0,60.0,40.0,40.0,,,2.0,,,,,,30.0,30.0,50.0,40.0,40.0,20.0,,,39.0,43.0,46.0,,,33.175,37.0,32.0,31.0,41.0,40.0,33.7333,30.0,,,39.0,43.0,46.0,,
DMA,80.0,80.0,80.0,80.0,,,,,,,,,40.0,40.0,40.0,73.0,73.0,73.0,43.0,57.0,57.0,69.0,69.0,64.0,62.0,61.65546,70.0,71.0,,63.0,61.0,60.8667,71.0,43.0,57.0,57.0,69.0,69.0,66.0,63.0
DNK,100.0,100.0,100.0,100.0,,,,,,,,,100.0,100.0,100.0,100.0,100.0,100.0,73.0,75.0,,86.0,91.0,91.0,89.0,89.58557,96.0,95.0,94.0,95.0,97.0,96.6667,97.0,73.0,75.0,,86.0,91.0,91.0,89.0
DOM,80.0,80.0,60.0,60.0,,,,,,,,,50.0,50.0,40.0,73.0,73.0,47.0,52.0,,54.0,72.0,73.0,72.0,71.0,54.89981,48.0,55.0,60.0,65.0,62.0,51.5333,60.0,52.0,,54.0,72.0,73.0,71.0,71.0
DZA,60.0,40.0,40.0,80.0,,,,,,2.5,,,70.0,70.0,70.0,67.0,67.0,67.0,51.0,11.0,19.0,40.0,71.0,72.0,73.0,75.28672,80.0,80.0,68.0,77.0,72.0,72.3333,80.0,51.0,11.0,19.0,40.0,71.0,73.0,73.0
ECU,80.0,80.0,60.0,20.0,,,,,,,,,30.0,80.0,60.0,73.0,53.0,47.0,41.0,52.0,40.0,44.0,79.0,89.0,81.0,80.9791,73.0,77.0,70.0,66.0,60.0,60.8667,54.0,41.0,52.0,40.0,44.0,79.0,90.0,81.0
EGY,80.0,80.0,80.0,80.0,,,0.0,,,,,,90.0,90.0,90.0,87.0,87.0,87.0,88.0,83.0,82.0,88.0,93.0,,94.0,96.39546,82.0,83.0,86.0,86.0,87.0,90.7333,90.0,88.0,83.0,82.0,88.0,93.0,,94.0
EMR,,,,63.0,,,,,,,,,54.285713,60.0,60.952381,66.619049,68.761902,63.476189,,,,,,,,71.6,66.0,66.0,67.0,64.892067,67.488892,65.653969,66.0,,,,,,,
ERI,20.0,40.0,40.0,40.0,2.0,,,,,,,,30.0,40.0,40.0,27.0,67.0,67.0,44.0,45.0,,59.0,70.0,71.0,49.0,49.28016,35.0,49.0,57.0,41.0,58.0,59.2,60.0,44.0,45.0,,59.0,70.0,73.0,49.0
ESP,80.0,80.0,80.0,80.0,,,,,,,,,20.0,60.0,50.0,87.0,93.0,93.0,42.0,66.0,87.0,52.0,93.0,90.0,95.0,94.84784,84.0,85.0,88.0,80.0,82.0,80.9333,78.0,42.0,66.0,87.0,52.0,93.0,92.0,95.0
EST,60.0,80.0,80.0,80.0,,,,,,,4.5,,60.0,60.0,70.0,73.0,73.0,73.0,65.0,66.0,64.0,77.0,77.0,73.0,71.0,70.01811,74.0,74.0,72.0,74.0,75.0,72.2,73.0,65.0,66.0,64.0,77.0,77.0,72.0,71.0
ETH,40.0,60.0,40.0,40.0,2.0,,,,,,3.5,,80.0,80.0,80.0,73.0,73.0,80.0,40.0,70.0,77.0,,77.0,78.0,79.0,79.11332,58.0,63.0,67.0,72.0,74.0,69.8,69.0,40.0,70.0,77.0,,77.0,78.0,79.0
EUR,,,,78.0,,,,,,,,,61.176472,63.396225,62.037037,74.901962,75.43396,73.944443,,,,,,,,78.7,73.0,75.0,74.0,73.599998,75.036476,73.207405,74.0,,,,,,,
FIN,100.0,100.0,100.0,100.0,,5.0,,,,,,,90.0,90.0,90.0,80.0,80.0,80.0,83.0,86.0,96.0,88.0,90.0,96.0,,,94.0,94.0,82.0,85.0,84.0,83.6667,85.0,83.0,86.0,96.0,88.0,88.0,96.0,
FJI,80.0,60.0,80.0,80.0,,,,,,,,,30.0,30.0,30.0,27.0,27.0,27.0,31.0,,43.0,95.0,98.0,,,,63.0,,,54.0,48.0,54.8667,55.0,31.0,,43.0,95.0,98.0,,
FRA,80.0,80.0,80.0,80.0,,,,,,,,,70.0,70.0,70.0,100.0,100.0,100.0,63.0,78.0,81.0,85.0,86.0,89.0,89.0,89.40559,82.0,82.0,83.0,86.0,86.0,86.1333,88.0,63.0,78.0,81.0,85.0,86.0,94.0,89.0
FSM,40.0,40.0,40.0,40.0,,,,,,,,,60.0,60.0,60.0,20.0,20.0,20.0,32.0,36.0,73.0,35.0,62.0,64.0,86.0,85.77775,,32.0,49.0,43.0,53.0,52.6,42.0,32.0,36.0,73.0,35.0,62.0,64.0,86.0
GAB,20.0,20.0,20.0,20.0,,,,1.0,,,,,20.0,20.0,20.0,27.0,33.0,47.0,,48.0,,,,,52.0,51.68062,40.0,27.0,40.0,33.0,42.0,47.2,49.0,,48.0,,,,,52.0
GBR,100.0,100.0,100.0,100.0,,,,,,,,,80.0,80.0,80.0,73.0,87.0,87.0,,,,,,,88.0,89.37915,93.0,93.0,95.0,93.0,94.0,94.9333,95.0,,,,,,,89.0
GEO,40.0,60.0,60.0,60.0,,,,2.0,,,,2.5,40.0,50.0,50.0,73.0,80.0,80.0,93.0,91.0,89.0,91.0,90.0,81.0,82.0,73.60889,66.0,58.0,59.0,63.0,71.0,72.2,60.0,93.0,91.0,89.0,91.0,90.0,81.0,82.0
GHA,80.0,80.0,80.0,80.0,,2.0,,,,,,,20.0,30.0,30.0,33.0,40.0,67.0,57.0,39.0,51.0,66.0,69.0,,74.0,73.70528,47.0,49.0,49.0,46.0,52.0,55.8,52.0,57.0,39.0,51.0,66.0,69.0,,74.0
GIN,40.0,40.0,40.0,40.0,,1.0,,,,,1.5,,30.0,30.0,40.0,47.0,53.0,53.0,,13.0,,,52.0,51.0,,60.0,55.0,44.0,48.0,47.0,51.0,49.6667,55.0,,13.0,,,52.0,57.0,
GLOBAL,,,,62.0,,,,,,,,,52.0,56.0,54.0,66.0,67.0,65.0,58.0,62.0,67.0,70.0,73.0,76.0,76.0,71.0,61.0,63.0,65.0,64.0,66.0,64.0,64.0,,,,,,,
GMB,20.0,40.0,80.0,20.0,,2.0,,,,,,0.0,40.0,40.0,30.0,40.0,47.0,53.0,50.0,53.0,,62.0,33.0,,,27.16959,35.0,38.0,35.0,44.0,48.0,53.9333,27.0,50.0,53.0,,62.0,33.0,,
GNB,20.0,40.0,40.0,40.0,,,,1.0,,,,,30.0,20.0,30.0,60.0,33.0,60.0,,,,,36.0,48.0,49.0,53.4374,40.0,25.0,35.0,46.0,40.0,43.0667,50.0,,,,,36.0,50.0,49.0
GNQ,20.0,20.0,40.0,40.0,,,,,,,,,20.0,40.0,20.0,40.0,47.0,47.0,,1.0,,27.0,,,,26.82054,22.0,22.0,26.0,34.0,43.0,44.3333,49.0,,1.0,,27.0,,,
GRC,100.0,100.0,60.0,60.0,,,,,,,,,40.0,40.0,50.0,53.0,53.0,47.0,76.0,,,,,,,,,57.0,60.0,71.0,68.0,60.0667,60.0,76.0,,,,,,
GRD,,40.0,60.0,60.0,,,0.0,,,,,,,30.0,40.0,,47.0,73.0,,57.0,48.0,58.0,,66.0,66.0,,,,,,35.0,52.1333,54.0,,57.0,48.0,58.0,,66.0,66.0
GTM,40.0,20.0,20.0,20.0,,,,,,,,,50.0,50.0,30.0,33.0,27.0,40.0,,62.0,66.0,88.0,59.0,84.0,55.0,,62.0,53.0,58.0,45.0,42.26666667,32.4667,37.0,,62.0,66.0,88.0,59.0,87.0,55.0
GUY,80.0,40.0,40.0,40.0,,,,,,,,,100.0,40.0,30.0,87.0,47.0,20.0,33.0,73.0,76.0,77.0,79.0,81.0,,88.61395,,88.0,100.0,93.0,54.0,30.7333,37.0,33.0,73.0,76.0,77.0,79.0,85.0,
HND,80.0,80.0,80.0,80.0,,,,,,,,,40.0,50.0,30.0,73.0,80.0,80.0,46.0,44.0,49.0,52.0,49.0,74.0,83.0,70.06648,34.0,60.0,60.0,58.0,59.0,58.2667,54.0,46.0,44.0,49.0,52.0,49.0,75.0,83.0
HRV,80.0,80.0,80.0,80.0,,,,,,,,,80.0,30.0,30.0,67.0,80.0,80.0,95.0,95.0,,96.0,66.0,72.0,71.0,70.57078,73.0,78.0,78.0,75.0,76.0,76.4,75.0,95.0,95.0,,96.0,66.0,71.0,71.0
HTI,40.0,40.0,40.0,40.0,,,,,,,,,40.0,40.0,20.0,53.0,53.0,53.0,,30.0,,45.0,41.0,48.0,56.0,61.47323,39.0,,40.0,54.0,56.0,54.1333,54.0,,30.0,,45.0,41.0,48.0,56.0
HUN,80.0,80.0,80.0,80.0,,,,,,,,,50.0,50.0,50.0,73.0,73.0,73.0,68.0,87.0,81.0,97.0,82.0,86.0,85.0,81.88941,67.0,68.0,66.0,70.0,70.0,70.8667,71.0,68.0,87.0,81.0,97.0,82.0,91.0,85.0
IDN,40.0,60.0,80.0,100.0,,3.0,,,,,3.5,,40.0,70.0,80.0,60.0,73.0,73.0,83.0,82.0,86.0,93.0,95.0,96.0,99.0,98.92751,63.0,73.0,69.0,64.0,72.0,75.0,80.0,83.0,82.0,86.0,93.0,95.0,96.0,99.0
IND,60.0,60.0,60.0,80.0,,,,,,,,,40.0,60.0,70.0,87.0,87.0,87.0,73.0,68.0,84.0,94.0,,,98.0,95.27778,75.0,78.0,80.0,84.0,85.0,86.0,88.0,73.0,68.0,84.0,94.0,,,98.0
IRL,100.0,80.0,80.0,100.0,,,,,,,,,30.0,30.0,30.0,53.0,47.0,80.0,52.0,51.0,78.0,,,,,,67.0,64.0,64.0,66.0,56.0,70.3333,77.0,52.0,51.0,78.0,,,,
IRN,80.0,80.0,80.0,80.0,,,,,,,,,100.0,100.0,80.0,93.0,93.0,93.0,64.0,66.0,91.0,92.0,84.0,85.0,,76.22517,85.0,,88.0,86.0,86.0,81.2667,76.0,64.0,66.0,91.0,92.0,84.0,85.0,
IRQ,40.0,60.0,40.0,40.0,,,,2.0,,,2.0,,50.0,80.0,50.0,67.0,80.0,60.0,49.0,70.0,72.0,93.0,91.0,,,88.88033,82.0,58.0,74.0,48.0,66.0,46.4,59.0,49.0,70.0,72.0,93.0,91.0,,
ISL,80.0,80.0,100.0,100.0,,,,,,,,,60.0,60.0,60.0,80.0,80.0,80.0,,61.0,79.0,,84.0,,72.0,72.19752,84.0,83.0,,76.0,77.0,73.6,78.0,,61.0,79.0,,84.0,,72.0
ISR,,80.0,80.0,80.0,,,,,,,,,,50.0,50.0,,80.0,80.0,55.0,,,,,71.0,71.0,,91.0,87.0,,,86.0,86.2,86.0,55.0,,,,,71.0,71.0
ITA,100.0,100.0,100.0,100.0,,,,,,,,,20.0,30.0,30.0,67.0,67.0,67.0,75.0,77.0,,,,,90.0,,85.0,86.0,83.0,72.0,70.0,70.7333,69.0,75.0,77.0,,,,,90.0
JAM,80.0,100.0,80.0,60.0,,,,,,,,,100.0,90.0,80.0,100.0,93.0,73.0,32.0,83.0,79.0,61.0,55.0,80.0,83.0,,76.0,84.0,87.0,88.0,87.0,77.6,69.0,32.0,83.0,79.0,61.0,55.0,81.0,83.0
JOR,40.0,40.0,40.0,80.0,3.0,,,,,,,,40.0,40.0,50.0,40.0,67.0,73.0,84.0,88.0,85.0,85.0,97.0,,72.0,72.2867,48.0,43.0,43.0,52.0,60.0,64.0667,73.0,84.0,88.0,85.0,85.0,97.0,,72.0
JPN,100.0,100.0,100.0,100.0,,,5.0,,,,,,70.0,80.0,80.0,100.0,100.0,100.0,94.0,99.0,99.0,99.0,97.0,100.0,100.0,99.57265,,95.0,95.0,98.0,99.0,98.6667,99.0,94.0,99.0,99.0,99.0,97.0,100.0,100.0
KAZ,100.0,60.0,60.0,80.0,,,,,,,,,60.0,60.0,70.0,93.0,73.0,67.0,,83.0,86.0,82.0,85.0,78.0,,,71.0,82.0,81.0,88.0,80.0,66.6667,73.0,,83.0,86.0,82.0,85.0,78.0,
KEN,60.0,40.0,40.0,40.0,,3.0,,,,,,1.0,50.0,20.0,60.0,53.0,33.0,47.0,61.0,73.0,66.0,69.0,,,,60.0,35.0,41.0,44.0,57.0,45.0,53.9333,57.0,61.0,73.0,66.0,69.0,,,
KGZ,40.0,40.0,40.0,40.0,4.0,,,,,,1.5,,30.0,40.0,50.0,27.0,40.0,60.0,,50.0,,,,,,,57.0,47.0,52.0,42.0,48.0,48.4667,49.0,,50.0,,,,,
KHM,60.0,60.0,80.0,80.0,2.0,,,,,,,3.0,70.0,70.0,80.0,73.0,73.0,80.0,46.0,49.0,49.0,42.0,41.0,50.0,55.0,80.65395,46.0,50.0,48.0,57.0,60.0,67.5333,64.0,46.0,49.0,49.0,42.0,41.0,52.0,55.0
KIR,60.0,,40.0,40.0,,,,,,,,,50.0,,40.0,33.0,,33.0,59.0,57.0,65.0,70.0,60.0,,,,51.0,,70.0,64.0,,39.7333,42.0,59.0,57.0,65.0,70.0,60.0,,
KNA,80.0,80.0,80.0,80.0,,,,,,,,,40.0,70.0,60.0,73.0,80.0,80.0,,,57.0,58.0,,60.0,,51.62214,48.0,51.0,51.0,66.0,71.0,69.0,68.0,,,57.0,58.0,,60.0,
KOR,100.0,100.0,100.0,100.0,,,,,,,,,60.0,100.0,100.0,87.0,87.0,93.0,74.0,,100.0,100.0,100.0,,,97.8953,94.0,97.0,98.0,95.0,99.0,99.0667,99.0,74.0,,100.0,100.0,100.0,,
KWT,80.0,80.0,80.0,80.0,,3.0,,,,,,,20.0,70.0,90.0,80.0,93.0,93.0,63.0,73.0,77.0,86.0,85.0,86.0,85.0,84.86283,56.0,76.0,84.0,83.0,92.0,94.0,97.0,63.0,73.0,77.0,86.0,85.0,86.0,85.0
LAO,40.0,40.0,40.0,40.0,,,,,,,,,50.0,60.0,60.0,80.0,80.0,80.0,51.0,50.0,31.0,55.0,60.0,63.0,75.0,,35.0,35.0,43.0,51.0,53.0,55.3333,55.0,51.0,50.0,31.0,55.0,60.0,74.0,75.0
LBN,40.0,40.0,40.0,40.0,2.0,,,,,,,,80.0,80.0,80.0,73.0,73.0,73.0,55.0,51.0,57.0,71.0,76.0,,,79.9983,58.0,73.0,69.0,66.0,72.0,70.0667,70.0,55.0,51.0,57.0,71.0,76.0,,
LBR,40.0,40.0,40.0,40.0,1.0,,,,,,2.0,,40.0,40.0,30.0,73.0,73.0,40.0,38.0,26.0,,,,,,75.60322,46.0,46.0,54.0,54.0,58.0,41.9333,48.0,38.0,26.0,,,,,
LBY,40.0,60.0,60.0,40.0,,,3.0,,,,,,30.0,30.0,30.0,60.0,60.0,60.0,54.0,55.0,44.0,60.0,65.0,64.0,64.0,63.56529,41.0,54.0,59.0,45.0,53.0,53.4667,38.0,54.0,55.0,44.0,60.0,65.0,64.0,64.0
LCA,80.0,80.0,80.0,80.0,,,,,,,,,60.0,60.0,60.0,67.0,67.0,67.0,29.0,38.0,38.0,,44.0,57.0,77.0,,60.0,69.0,69.0,59.0,60.0,67.0,61.0,29.0,38.0,38.0,,44.0,58.0,77.0
LIE,,,,80.0,,,,,,,,,100.0,100.0,90.0,100.0,100.0,80.0,,,,,,,,,,,,,84.0,80.4667,80.0,,,,,,,
LKA,60.0,60.0,60.0,60.0,,3.0,,,,,2.0,,40.0,40.0,40.0,80.0,80.0,80.0,60.0,61.0,73.0,67.0,71.0,70.0,79.0,75.74534,46.0,54.0,62.0,64.0,66.0,70.6667,66.0,60.0,61.0,73.0,67.0,71.0,71.0,79.0
LSO,20.0,40.0,40.0,60.0,,2.0,,,,,,,20.0,20.0,20.0,40.0,27.0,27.0,42.0,47.0,,63.0,,,74.0,62.03581,33.0,25.0,40.0,37.0,40.0,40.0,42.0,42.0,47.0,,63.0,,,74.0
LTU,100.0,100.0,100.0,100.0,,,5.0,,,,,,100.0,100.0,100.0,87.0,87.0,93.0,71.0,77.0,84.0,85.0,82.0,83.0,82.0,76.85833,82.0,83.0,85.0,82.0,85.0,86.2667,87.0,71.0,77.0,84.0,85.0,82.0,83.0,82.0
LUX,60.0,80.0,80.0,80.0,,,,,,,,,20.0,30.0,30.0,27.0,40.0,40.0,44.0,64.0,62.0,87.0,88.0,88.0,88.0,88.41447,76.0,97.0,95.0,60.0,67.0,66.6,67.0,44.0,64.0,62.0,87.0,88.0,88.0,88.0
LVA,80.0,80.0,80.0,80.0,,5.0,,,,,,,50.0,50.0,50.0,80.0,80.0,80.0,65.0,79.0,83.0,,91.0,90.0,91.0,89.86047,75.0,77.0,77.0,69.0,68.0,68.0667,68.0,65.0,79.0,83.0,,91.0,90.0,91.0
MAR,80.0,80.0,80.0,80.0,4.0,,,,,,,,50.0,50.0,50.0,53.0,53.0,53.0,84.0,89.0,92.0,97.0,95.0,,95.0,95.28002,75.0,75.0,75.0,73.0,73.0,73.5333,75.0,84.0,89.0,92.0,97.0,95.0,,95.0
MCO,80.0,80.0,80.0,80.0,,,,,,,,,30.0,30.0,30.0,67.0,67.0,67.0,,59.0,63.0,73.0,79.0,,79.0,81.24149,82.0,81.0,,77.0,77.0,78.0667,79.0,,59.0,63.0,73.0,79.0,,79.0
MDA,40.0,80.0,60.0,60.0,,,,,,,,,70.0,60.0,50.0,80.0,73.0,73.0,66.0,75.0,74.0,,77.0,78.0,81.0,,60.0,60.0,62.0,60.0,62.0,62.1333,62.0,66.0,75.0,74.0,,77.0,80.0,81.0
MDG,40.0,40.0,40.0,60.0,,2.0,,,,,,,20.0,20.0,20.0,53.0,53.0,53.0,,27.0,,29.0,29.0,,,42.63219,26.0,29.0,36.0,46.0,48.0,53.0,59.0,,27.0,,29.0,29.0,,
MDV,20.0,40.0,60.0,40.0,,2.0,,,,,,,40.0,50.0,50.0,73.0,80.0,80.0,64.0,49.0,58.0,68.0,66.0,59.0,61.0,62.53817,43.0,51.0,47.0,50.0,56.0,64.6667,58.0,64.0,49.0,58.0,68.0,66.0,61.0,61.0
MEX,80.0,80.0,80.0,80.0,,,,,,,,,60.0,40.0,60.0,87.0,87.0,87.0,43.0,66.0,76.0,89.0,95.0,96.0,97.0,94.48285,86.0,83.0,83.0,84.0,75.0,78.6667,79.0,43.0,66.0,76.0,89.0,95.0,97.0,97.0
MHL,,,60.0,60.0,,,,2.0,,,,,,,50.0,,,53.0,73.0,53.0,46.0,51.0,,,,56.95815,49.0,,49.0,,,52.8,55.0,73.0,53.0,46.0,51.0,,,
MKD,80.0,80.0,80.0,80.0,,,,3.0,,,,,50.0,60.0,60.0,73.0,73.0,80.0,,47.0,,72.0,88.0,89.0,90.0,90.14165,63.0,60.0,66.0,66.0,66.0,68.4,62.0,,47.0,,72.0,88.0,86.0,90.0
MLI,60.0,60.0,20.0,40.0,,2.0,,,,,1.0,,20.0,20.0,20.0,40.0,40.0,33.0,,55.0,,,,,,40.15007,49.0,48.0,50.0,44.0,44.0,35.6,46.0,,55.0,,,,,
MLT,80.0,80.0,60.0,60.0,,,,,,,,,70.0,70.0,80.0,73.0,73.0,73.0,,59.0,70.0,76.0,76.0,,79.0,78.5618,60.0,60.0,61.0,73.0,73.0,69.0667,69.0,,59.0,70.0,76.0,76.0,,79.0
MMR,60.0,60.0,60.0,60.0,,2.0,,,,,,,30.0,30.0,30.0,67.0,67.0,73.0,73.0,93.0,82.0,84.0,84.0,86.0,84.0,62.18526,66.0,64.0,63.0,57.0,61.0,62.7333,64.0,73.0,93.0,82.0,84.0,84.0,86.0,84.0
MNE,80.0,80.0,80.0,80.0,,,,2.0,,,,,60.0,40.0,60.0,53.0,53.0,53.0,,,56.0,55.0,55.0,56.0,56.0,55.80356,47.0,56.0,55.0,53.0,53.0,55.0667,55.0,,,56.0,55.0,55.0,59.0,56.0
MNG,80.0,20.0,60.0,40.0,,3.0,,,,,3.0,,90.0,90.0,60.0,100.0,100.0,80.0,81.0,82.0,69.0,79.0,75.0,86.0,,86.70353,86.0,84.0,85.0,78.0,72.0,65.6667,60.0,81.0,82.0,69.0,79.0,75.0,86.0,
MOZ,60.0,80.0,40.0,40.0,3.0,,,,,,,,60.0,90.0,60.0,87.0,87.0,67.0,28.0,53.0,51.0,54.0,,67.0,,68.90454,53.0,60.0,70.0,59.0,81.0,54.5333,53.0,28.0,53.0,51.0,54.0,,69.0,
MRT,20.0,20.0,40.0,40.0,,1.0,,,,,1.0,,30.0,50.0,20.0,40.0,60.0,27.0,27.0,20.0,25.0,,31.0,28.0,,31.59345,26.0,35.0,35.0,35.0,41.0,27.0667,29.0,27.0,20.0,25.0,,31.0,29.0,
MUS,60.0,20.0,20.0,40.0,,,4.0,,,,,,30.0,30.0,20.0,53.0,53.0,27.0,,,,55.0,68.0,67.0,70.0,70.73044,62.0,64.0,64.0,51.0,46.0,38.4667,46.0,,,,55.0,68.0,68.0,70.0
MWI,40.0,40.0,80.0,60.0,,,,1.0,,,,,30.0,40.0,80.0,53.0,27.0,40.0,,64.0,,,40.0,,,56.13057,42.0,35.0,39.0,50.0,50.0,60.9333,58.0,,64.0,,,40.0,,
MYS,80.0,80.0,80.0,80.0,,,,4.5,,,,,80.0,80.0,80.0,93.0,93.0,93.0,91.0,100.0,100.0,100.0,100.0,100.0,100.0,,95.0,92.0,86.0,85.0,89.0,89.0,87.0,91.0,100.0,100.0,100.0,100.0,99.0,100.0
NAM,60.0,60.0,60.0,60.0,3.0,,,,,,,,20.0,20.0,20.0,80.0,80.0,80.0,,,,,66.0,,81.0,78.0,47.0,59.0,61.0,61.0,65.0,66.2667,64.0,,,,,66.0,,81.0
NER,20.0,20.0,20.0,20.0,,,2.0,,,,,,40.0,40.0,40.0,67.0,67.0,67.0,,,,74.0,,73.0,75.0,73.0,44.0,39.0,10.0,46.0,57.0,57.3333,55.0,,,,74.0,,79.0,75.0
NGA,60.0,60.0,40.0,40.0,,2.0,,,,,3.0,,30.0,20.0,50.0,87.0,73.0,73.0,,38.0,36.0,52.0,57.0,66.0,64.0,50.0,52.0,51.0,54.0,63.0,56.0,61.0,57.0,,38.0,36.0,52.0,57.0,67.0,64.0
NIC,80.0,80.0,60.0,60.0,,,,,,,,,90.0,90.0,40.0,93.0,93.0,60.0,,71.0,76.0,88.0,93.0,76.0,88.0,91.01085,73.0,78.0,83.0,78.0,85.0,60.2667,62.0,,71.0,76.0,88.0,93.0,78.0,88.0
NIU,,20.0,20.0,20.0,,,,,,,,,,70.0,20.0,,67.0,60.0,,,41.0,54.0,61.0,,,,71.0,67.0,,,69.0,49.8,71.0,,,41.0,54.0,61.0,,
NLD,100.0,100.0,100.0,100.0,,,,,,,,,70.0,80.0,80.0,80.0,80.0,80.0,,72.0,85.0,91.0,91.0,94.0,94.0,94.60059,89.0,90.0,90.0,84.0,82.0,84.2667,85.0,,72.0,85.0,91.0,91.0,95.0,94.0
NOR,100.0,100.0,100.0,100.0,,,,,,,,,100.0,100.0,100.0,100.0,100.0,100.0,,,93.0,98.0,98.0,98.0,98.0,99.40828,92.0,93.0,94.0,95.0,95.0,95.9333,95.0,,,93.0,98.0,98.0,98.0,98.0
NPL,40.0,20.0,20.0,20.0,,,,,,1.5,,,20.0,50.0,50.0,53.0,60.0,60.0,45.0,52.0,42.0,61.0,66.0,72.0,72.0,22.41633,23.0,34.0,39.0,44.0,47.0,47.6,49.0,45.0,52.0,42.0,61.0,66.0,77.0,72.0
NRU,,,20.0,20.0,,,,,,,,,,,20.0,,,27.0,41.0,,,,42.0,,,,34.0,,,,,38.2,47.0,41.0,,,,42.0,,
NZL,80.0,80.0,80.0,80.0,,,4.5,,,,,,100.0,100.0,100.0,93.0,93.0,93.0,86.0,93.0,96.0,98.0,99.0,98.0,96.0,98.22844,90.0,83.0,87.0,85.0,85.0,84.6667,85.0,86.0,93.0,96.0,98.0,99.0,98.0,96.0
OMN,60.0,80.0,80.0,80.0,,5.0,,,,,,,40.0,40.0,40.0,60.0,73.0,73.0,75.0,98.0,92.0,86.0,80.0,94.0,95.0,90.02331,100.0,86.0,79.0,75.0,80.0,81.6667,76.0,75.0,98.0,92.0,86.0,80.0,96.0,95.0
PAK,40.0,40.0,20.0,20.0,2.0,,,,,,1.5,,30.0,30.0,40.0,33.0,33.0,40.0,24.0,,33.0,42.0,43.0,,53.0,51.04112,51.0,49.0,52.0,52.0,50.0,50.6667,52.0,24.0,,33.0,42.0,43.0,,53.0
PAN,80.0,80.0,80.0,80.0,,,,,,,,,50.0,50.0,40.0,60.0,60.0,60.0,,65.0,78.0,71.0,68.0,70.0,71.0,75.69974,71.0,76.0,79.0,76.0,75.0,67.4,68.0,,65.0,78.0,71.0,68.0,70.0,71.0
PER,20.0,40.0,40.0,40.0,,,,,,,,,20.0,20.0,20.0,33.0,33.0,40.0,,,62.0,75.0,85.0,89.0,70.0,65.84124,55.0,48.0,59.0,39.0,45.0,36.4667,40.0,,,62.0,75.0,85.0,89.0,70.0
PHL,60.0,60.0,0.0,60.0,,,2.0,,,,,,60.0,60.0,60.0,60.0,80.0,80.0,54.0,74.0,75.0,75.0,84.0,84.0,87.0,81.34406,,51.0,69.0,60.2,67.0,60.3333,62.0,54.0,74.0,75.0,75.0,84.0,89.0,87.0
PLW,40.0,,60.0,60.0,,,,3.5,,,,,40.0,,50.0,53.0,,67.0,58.0,79.0,90.0,84.0,92.0,91.0,91.0,91.48205,60.0,63.0,64.0,47.0,,57.1333,57.0,58.0,79.0,90.0,84.0,92.0,91.0,92.0
PNG,,,40.0,20.0,,,,,,,,,,,20.0,,,47.0,,47.0,46.0,54.0,64.0,,,,36.0,21.0,,,,42.4667,45.0,,47.0,46.0,54.0,64.0,,
POL,80.0,100.0,80.0,100.0,,,,,,,,,90.0,90.0,90.0,87.0,87.0,87.0,66.0,73.0,76.0,82.0,74.0,,74.0,73.75013,,66.0,50.0,69.0,83.0,73.3333,74.0,66.0,73.0,76.0,82.0,74.0,,74.0
PRK,40.0,40.0,40.0,40.0,,,,,,,,,80.0,80.0,70.0,93.0,93.0,67.0,59.0,39.0,54.0,64.0,69.0,73.0,73.0,66.81925,63.0,69.0,70.0,77.0,76.0,57.2,59.0,59.0,39.0,54.0,64.0,69.0,73.0,73.0
PRT,100.0,100.0,80.0,80.0,,,,,,,,,70.0,70.0,80.0,93.0,93.0,87.0,,93.0,,,93.0,94.0,93.0,90.82395,77.0,82.0,82.0,85.0,85.0,83.2,85.0,,93.0,,,93.0,95.0,93.0
PRY,80.0,80.0,80.0,60.0,,,,,,,,,40.0,30.0,20.0,53.0,53.0,60.0,,83.0,60.0,75.0,,82.0,79.0,77.32249,62.0,65.0,65.0,56.0,62.0,61.8,63.0,,83.0,60.0,75.0,,83.0,79.0
QAT,100.0,100.0,100.0,100.0,3.0,,,,,,,4.0,70.0,70.0,100.0,87.0,87.0,87.0,69.0,84.0,83.0,91.0,97.0,,,75.5632,87.0,96.0,92.0,92.0,94.0,94.7333,89.0,69.0,84.0,83.0,91.0,97.0,,
ROU,60.0,60.0,60.0,60.0,,,,,,,,,50.0,50.0,50.0,60.0,60.0,60.0,67.0,69.0,,68.0,76.0,78.0,77.0,76.1956,72.0,67.0,67.0,63.0,64.0,61.0667,62.0,67.0,69.0,,68.0,76.0,78.0,77.0
RUS,100.0,100.0,100.0,100.0,,,,,,,,,100.0,100.0,100.0,100.0,100.0,100.0,94.0,96.0,,,81.0,81.0,98.0,,100.0,99.0,100.0,100.0,100.0,100.0,100.0,94.0,96.0,,,81.0,87.0,99.0
RWA,80.0,80.0,80.0,40.0,,,3.0,,,,,,50.0,20.0,50.0,60.0,60.0,73.0,,,,35.0,41.0,41.0,,66.05677,67.0,71.0,73.0,67.0,65.0,67.6667,55.0,,,,35.0,41.0,46.0,
SAU,100.0,100.0,100.0,100.0,,4.0,,,,,,,100.0,100.0,100.0,93.0,80.0,87.0,90.0,96.0,95.0,100.0,99.0,,97.0,98.79057,69.0,75.0,79.0,91.0,93.0,94.6,95.0,90.0,96.0,95.0,100.0,99.0,,97.0
SDN,20.0,20.0,20.0,40.0,2.0,,,,,,,,40.0,40.0,40.0,73.0,73.0,67.0,40.0,28.0,43.0,66.0,71.0,,,74.0,65.0,57.0,53.0,44.0,49.0,50.4667,55.0,40.0,28.0,43.0,66.0,71.0,,
SEAR,,,,58.0,,,,,,,,,50.0,59.090908,61.81818,72.181816,76.36364,75.818184,,,,,,,,73.2,56.0,61.0,63.0,64.260605,68.163635,68.387878,67.0,,,,,,,
SEN,80.0,80.0,40.0,40.0,2.0,,,,,,1.5,,40.0,50.0,20.0,73.0,67.0,73.0,,30.0,30.0,,,,,44.36037,45.0,54.0,62.0,60.0,52.0,50.0,53.0,,30.0,30.0,,,,
SGP,80.0,80.0,80.0,80.0,,,5.0,,,,,,100.0,100.0,100.0,100.0,100.0,100.0,97.0,99.0,99.0,99.0,99.0,99.0,99.0,99.40828,91.0,92.0,92.0,94.0,94.0,93.5333,96.0,97.0,99.0,99.0,99.0,99.0,99.0,99.0
SLB,20.0,,40.0,60.0,,,,,,,,,50.0,,50.0,60.0,,53.0,,,32.0,48.0,56.0,58.0,,56.91624,34.0,,47.0,51.0,,50.8,50.0,,,32.0,48.0,56.0,57.0,
SLE,40.0,40.0,60.0,60.0,2.0,,,,,,2.0,,40.0,40.0,60.0,67.0,67.0,67.0,19.0,58.0,,59.0,64.0,,47.0,69.55711,38.0,40.0,49.0,51.0,51.0,51.2,55.0,19.0,58.0,,59.0,64.0,,47.0
SLV,100.0,100.0,80.0,80.0,,,,,,,,,80.0,80.0,80.0,87.0,93.0,93.0,,74.0,81.0,90.0,93.0,93.0,94.0,92.51556,75.0,89.0,100.0,94.0,92.0,92.3333,91.0,,74.0,81.0,90.0,93.0,93.0,94.0
SMR,20.0,,20.0,20.0,,,,,,,,,20.0,,20.0,33.0,,33.0,40.0,,,,,,,61.05894,33.0,,33.0,29.0,,29.3333,29.0,40.0,,,,,,
SOM,20.0,20.0,20.0,20.0,1.0,,,,,,,,20.0,30.0,20.0,40.0,53.0,47.0,,,,16.0,6.0,,,28.0,31.0,,,34.0,33.0,35.0,33.0,,,,16.0,6.0,,
SRB,80.0,80.0,80.0,80.0,,,2.5,,,,,,90.0,90.0,80.0,93.0,93.0,93.0,,11.0,,,47.0,,37.0,43.90568,69.0,69.0,71.0,68.0,68.0,72.5333,73.0,,11.0,,,47.0,,37.0
SSD,40.0,20.0,40.0,40.0,,2.0,,,,,,3.5,30.0,30.0,30.0,53.0,47.0,40.0,,,,43.0,46.0,49.0,,34.39963,39.0,34.0,36.0,54.0,40.0,40.8,43.0,,,,43.0,46.0,50.0,
STP,40.0,40.0,20.0,20.0,,,,1.5,,,,,30.0,40.0,50.0,47.0,53.0,53.0,24.0,22.0,20.0,16.0,16.0,16.0,16.0,15.91339,39.0,32.0,31.0,35.0,38.0,37.7333,47.0,24.0,22.0,20.0,16.0,16.0,18.0,16.0
SUR,20.0,20.0,20.0,20.0,,,,,,,,,60.0,60.0,60.0,47.0,40.0,40.0,,43.0,48.0,61.0,71.0,69.0,72.0,71.0,73.0,57.0,59.0,46.0,46.0,47.1333,40.0,,43.0,48.0,61.0,71.0,72.0,72.0
SVK,20.0,80.0,40.0,40.0,,,,,,,,,60.0,80.0,50.0,80.0,60.0,40.0,64.0,73.0,79.0,96.0,95.0,96.0,95.0,94.85941,69.0,73.0,72.0,64.0,65.0,50.0667,50.0,64.0,73.0,79.0,96.0,95.0,96.0,95.0
SVN,100.0,100.0,100.0,100.0,,5.0,,,,,,,70.0,60.0,60.0,67.0,67.0,67.0,70.0,66.0,58.0,61.0,68.0,75.0,74.0,77.30682,82.0,86.0,,78.0,80.0,80.9333,81.0,70.0,66.0,58.0,61.0,68.0,75.0,74.0
SWE,80.0,80.0,100.0,100.0,,,,,,,,,90.0,90.0,80.0,87.0,87.0,87.0,83.0,88.0,97.0,92.0,92.0,92.0,93.0,92.71128,92.0,92.0,91.0,88.0,88.0,88.0667,90.0,83.0,88.0,97.0,92.0,92.0,92.0,93.0
SWZ,40.0,40.0,40.0,20.0,,,,,,,,,40.0,30.0,60.0,20.0,20.0,73.0,46.0,53.0,40.0,40.0,61.0,52.0,,74.6404,42.0,40.0,46.0,41.0,44.0,64.0,43.0,46.0,53.0,40.0,40.0,61.0,56.0,
SYC,80.0,80.0,80.0,80.0,,,5.0,,,,,,50.0,40.0,40.0,33.0,40.0,40.0,18.0,39.0,42.0,54.0,76.0,82.0,88.0,86.89439,48.0,51.0,56.0,48.0,52.0,55.4,68.0,18.0,39.0,42.0,54.0,76.0,87.0,88.0
SYR,60.0,60.0,60.0,60.0,,,,,,,2.5,,60.0,60.0,60.0,53.0,53.0,20.0,45.0,48.0,58.0,54.0,63.0,,,64.04382,75.0,48.0,49.0,58.0,58.0,41.0,41.0,45.0,48.0,58.0,54.0,63.0,,
TCD,40.0,40.0,20.0,20.0,,1.0,,,,,1.0,,30.0,40.0,20.0,40.0,40.0,27.0,,28.0,,34.0,,39.0,40.0,45.0,29.0,30.0,39.0,40.0,40.0,32.0667,36.0,,28.0,,34.0,,43.0,40.0
TGO,40.0,40.0,40.0,20.0,,,2.0,,,,,1.0,40.0,30.0,30.0,27.0,27.0,40.0,11.0,27.0,,50.0,61.0,67.0,,64.3992,32.0,39.0,45.0,57.0,49.0,51.1333,36.0,11.0,27.0,,50.0,61.0,74.0,
THA,80.0,80.0,80.0,80.0,,3.0,,,,4.0,,,100.0,90.0,90.0,87.0,87.0,87.0,65.0,90.0,82.0,93.0,98.0,,98.0,97.07459,79.0,85.0,85.0,88.0,87.0,87.1333,89.0,65.0,90.0,82.0,93.0,98.0,,98.0
TJK,40.0,40.0,40.0,40.0,,,,2.5,,,,,40.0,20.0,30.0,53.0,73.0,80.0,,80.0,73.0,,94.0,91.0,,,58.0,62.0,,57.0,63.0,65.4667,60.0,,80.0,73.0,,94.0,94.0,
TKM,80.0,80.0,80.0,80.0,5.0,,,,,,,,70.0,70.0,70.0,93.0,93.0,93.0,,81.0,,,84.0,,,,67.0,69.0,68.0,81.0,81.0,80.6,81.0,,81.0,,,84.0,,
TLS,40.0,60.0,60.0,20.0,,,1.5,,,,,,70.0,80.0,80.0,67.0,80.0,80.0,37.0,35.0,44.0,51.0,63.0,65.0,66.0,73.0,44.0,37.0,42.0,60.0,68.0,66.0,51.0,37.0,35.0,44.0,51.0,63.0,71.0,66.0
TON,20.0,80.0,80.0,40.0,,,,,,,,2.0,60.0,60.0,60.0,53.0,80.0,80.0,59.0,48.0,53.0,74.0,,,,,57.0,,65.0,55.0,70.0,69.6667,54.0,59.0,48.0,53.0,74.0,,,
TTO,,80.0,60.0,60.0,,,,,,,,,,60.0,70.0,,73.0,80.0,55.0,,63.0,68.0,70.0,69.0,73.0,71.64085,49.0,53.0,,,65.0,64.8667,66.0,55.0,,63.0,68.0,70.0,71.0,73.0
TUN,80.0,80.0,80.0,100.0,3.0,,,,,,,,40.0,50.0,60.0,80.0,80.0,80.0,,63.0,63.0,56.0,65.0,,55.0,57.42388,66.0,71.0,74.0,66.0,74.0,75.1333,78.0,,63.0,63.0,56.0,65.0,,55.0
TUR,,20.0,,20.0,,,,,,,,,,60.0,60.0,,73.0,80.0,62.0,,82.0,,78.0,,,87.59634,73.0,77.0,88.0,,77.0,75.1333,75.0,62.0,,82.0,0.0,78.0,,
TUV,80.0,,,60.0,,,,,,,,,60.0,,,40.0,,,,,91.0,83.0,,89.0,,54.15183,54.0,,48.0,61.0,,,53.0,,,91.0,83.0,,89.0,
TZA,40.0,80.0,80.0,80.0,,,,,,,2.5,,40.0,30.0,30.0,60.0,53.0,73.0,,51.0,49.0,53.0,58.0,66.0,,69.14708,47.0,51.0,51.0,56.0,58.0,63.0,63.0,,51.0,49.0,53.0,58.0,67.0,
UGA,40.0,40.0,40.0,40.0,,2.0,,,,,2.0,,80.0,80.0,60.0,73.0,73.0,73.0,36.0,58.0,47.0,73.0,,,,58.39556,51.0,66.0,69.0,68.0,65.0,60.2,61.0,36.0,58.0,47.0,73.0,,,
UKR,80.0,80.0,80.0,80.0,,,,,3.0,,,,50.0,80.0,60.0,60.0,60.0,73.0,,,,,,97.0,,50.0,75.0,66.0,69.0,65.0,69.0,74.8667,75.0,,,,,,99.0,
URY,20.0,40.0,60.0,60.0,,,,,,,,,20.0,70.0,80.0,67.0,67.0,60.0,,,,89.0,,83.0,82.0,87.3195,85.0,84.0,80.0,65.0,70.0,77.3333,76.0,,,,89.0,,84.0,82.0
USA,100.0,100.0,100.0,100.0,,,,,,,,5.0,80.0,80.0,80.0,93.0,93.0,93.0,87.0,88.0,96.0,96.0,97.0,97.0,96.0,100.0,91.0,92.0,92.0,91.0,91.0,90.5333,84.0,87.0,88.0,96.0,96.0,97.0,91.0,96.0
UZB,40.0,60.0,40.0,60.0,,,,,,2.5,,,80.0,70.0,60.0,73.0,73.0,60.0,,90.0,,,83.0,,,,44.0,57.0,55.0,65.0,70.0,61.9333,73.0,,90.0,,,83.0,,
VCT,20.0,40.0,40.0,20.0,,,,,,,,,20.0,30.0,30.0,20.0,47.0,47.0,,,35.0,58.0,49.0,35.0,65.0,,45.0,49.0,,22.0,59.0,59.2667,56.0,,,35.0,58.0,49.0,35.0,65.0
VEN,80.0,80.0,60.0,80.0,,,,,,,,,30.0,90.0,50.0,80.0,80.0,53.0,,46.0,78.0,84.0,87.0,90.0,94.0,94.30275,74.0,70.0,74.0,75.0,77.0,46.1333,75.0,,46.0,78.0,84.0,87.0,95.0,94.0
VNM,40.0,40.0,20.0,40.0,3.0,,,,,,,,60.0,50.0,50.0,60.0,60.0,53.0,73.0,69.0,65.0,77.0,96.0,99.0,99.0,95.21181,61.0,66.0,72.0,64.0,52.0,53.7333,56.0,73.0,69.0,65.0,77.0,96.0,99.0,99.0
VUT,80.0,60.0,60.0,40.0,,,,,,,,,60.0,40.0,30.0,80.0,27.0,33.0,8.0,,11.0,68.0,,44.0,,34.69003,34.0,,55.0,74.0,54.0,56.2667,50.0,8.0,,11.0,68.0,,43.0,
WPR,,,,59.0,,,,,,,,,66.818184,73.684212,58.46154,67.772728,72.947365,67.115387,,,,,,,,79.4,64.0,70.0,70.0,68.506058,71.884209,65.397438,65.0,,,,,,,
WSM,40.0,40.0,40.0,40.0,,,,,,,1.0,,80.0,100.0,30.0,33.0,40.0,47.0,,67.0,58.0,71.0,76.0,75.0,,,73.0,,,49.0,50.66666667,45.9333,47.0,,67.0,58.0,71.0,76.0,75.0,
YEM,40.0,20.0,20.0,40.0,,,,,,,1.0,,30.0,50.0,30.0,60.0,33.0,20.0,,,48.0,43.0,46.0,,,48.32332,49.30769231,49.30769231,49.0,55.0,40.0,27.6,36.0,,,48.0,43.0,46.0,,
ZAF,80.0,80.0,20.0,80.0,,3.0,,,,,,0.0,20.0,20.0,20.0,47.0,40.0,40.0,66.0,80.0,75.0,76.0,100.0,100.0,,90.58858,66.0,70.0,79.0,68.0,73.0,63.0667,63.0,66.0,80.0,75.0,76.0,100.0,100.0,
ZMB,80.0,80.0,80.0,80.0,,2.0,,,,,2.0,,30.0,60.0,50.0,53.0,60.0,47.0,,66.0,77.0,91.0,92.0,,,63.72115,31.0,60.0,58.0,56.0,59.0,56.4,55.0,,66.0,77.0,91.0,92.0,,
ZWE,80.0,80.0,80.0,80.0,,,2.0,,,,,,50.0,60.0,60.0,60.0,73.0,80.0,,48.0,,,68.0,,73.0,72.26451,55.0,50.0,52.0,59.0,67.0,66.3333,55.0,,48.0,,0.0,68.0,,73.0
