IndicatorCode,RSUD_45,SCSUD_DATAPREV,SCSUD_DATASERVPROV,SCSUD_DATASERVUTIL,SCSUD_FINANCINGEXP,SCSUD_FINANCINGPROGRESS,SCSUD_FINANCINGSUPPORT,SCSUD_GOVGUIDELINES,SCSUD_GOVPAL,SCSUD_HEALTHINFOPROGRESS,SCSUD_HWFAVAILABILITY,SCSUD_HWFDEV,SCSUD_HWFPROGRESS,SCSUD_HWFSUPPORT,SCSUD_MEDACCESSPROGRESS,SCSUD_MEDBIS,SCSUD_MEDDF,SCSUD_MEDNTG,SCSUD_MEDNUM,SCSUD_MEDPUBLIC,SCSUD_MEDREG,SCSUD_NSS,SCSUD_NSSPROGRESS,SCSUD_PHARM,SCSUD_PSYCH,SCSUD_PSYCHPROGRESS,SCSUD_REHAB,SCSUD_SBI,SCSUD_SBIPROGRESS,SCSUD_STS,SCSUD_STSPROGRESS,SUD_SERVICECAPACITYINDEX,SUD_TREATMENTSERVICES_COVERAGE,SUD_TREATMENTSERVICES_COVERAGE,SUD_TREATMENTSERVICES_COVERAGE,SUD_TREATMENTSERVICES_COVERAGE
YEAR,2008,2023,2023,2023,2023,2023,2023,2023,2023,2023,2023,2023,2023,2023,2023,2023,2023,2023,2023,2023,2023,2023,2023,2023,2023,2023,2023,2023,2023,2023,2023,2019,2015,2016,2017,2018
COUNTRY,,,,,,,,,,,,,,,,,,,,,,,,,,,,,,,,,,,,
AFG,0.6,0.8421052631578947,0.0,0.0,0.0,0.0,0.0,0.0,0.09090909090909091,0.0,0.46153846153846156,0.0,0.0,0.0,0.0,0.0,0.0,0.0,0.0,0.0,0.0,0.375,0.0,0.5,0.08333333333333333,0.0,0.5714285714285714,0.0,0.0,0.35714285714285715,0.0,41.17989418,,,,
AFR,,,,,,,,,,,,,,,,,,,,,,,,,,,,,,,,25.115064,,,,
AGO,,0.3157894736842105,0.0,0.0,0.0,0.0,0.0,0.0,0.0,0.0,0.15384615384615385,0.0,1.0,1.0,0.0,0.0,0.16666666666666666,0.14285714285714285,0.0,0.14285714285714285,0.14285714285714285,0.125,0.0,0.08333333333333333,0.08333333333333333,0.0,0.14285714285714285,0.16666666666666666,0.0,0.07142857142857142,0.0,63.43650794,,0.406216576,,
ALB,0.25,,,,,,,,,,,,,,,,,,,,,,,,,,,,,,,40.67654321,,,,
AMR,,,,,,,,,,,,,,,,,,,,,,,,,,,,,,,,29.088699,,,,
AND,,0.0,0.0,0.5666666666666667,0.0,0.0,0.0,0.75,0.5454545454545454,1.0,0.15384615384615385,0.0,0.0,0.5,1.0,0.0,0.0,0.0,0.0,0.0,0.14285714285714285,0.125,0.0,0.9166666666666666,0.7775,1.0,1.0714285714285714,0.5275,1.0,0.8857142857142858,1.0,35.06084656,,,,
ARE,,,,,,,,,,,,,,,,,,,,,,,,,,,,,,,,43.71746032,,,,
ARG,,,,,,,,,,,,,,,,,,,,,,,,,,,,,,,,44.01781305,,,,
ARM,1.75,0.6842105263157895,0.0,0.0,0.0,0.0,0.0,0.0,0.0,0.0,0.9230769230769231,0.13333333333333333,0.0,1.0,0.0,0.0,0.3333333333333333,0.0,0.0,0.2857142857142857,0.0,0.5,0.0,0.9716666666666667,0.7775,0.0,0.0,0.0,0.0,0.0,0.0,20.5026455,,,,
ATG,,0.0,0.0,0.0,0.0,0.0,0.0,0.0,0.2727272727272727,0.0,0.5384615384615384,0.3333333333333333,1.0,1.0,1.0,0.0,0.16666666666666666,0.2857142857142857,0.0,0.14285714285714285,0.7142857142857143,0.125,0.0,0.9716666666666667,0.8608333333333333,1.0,0.5714285714285714,0.16666666666666666,0.0,0.14285714285714285,0.0,19.48677249,,,,
AUS,,0.7894736842105263,0.5555555555555556,0.4,1.0,1.0,0.34285714285714286,0.375,0.2727272727272727,0.0,1.0769230769230769,0.9333333333333333,1.0,1.0,1.0,0.0,1.0,1.0,0.6666666666666666,0.5714285714285714,0.8571428571428571,1.25,1.0,0.5833333333333334,0.3333333333333333,1.0,0.8571428571428571,1.5,1.0,1.5,1.0,60.63492064,,,,
AUT,10.3,0.0,0.0,0.0,1.0,1.0,0.2571428571428572,0.75,0.45454545454545453,0.0,0.9230769230769231,0.06666666666666667,1.0,1.6666666666666667,0.0,0.0,0.16666666666666666,0.2857142857142857,0.5,0.14285714285714285,0.2857142857142857,0.125,0.0,0.7216666666666667,0.9441666666666667,1.0,0.8571428571428571,0.16666666666666666,0.0,1.1285714285714286,1.0,32.57010582,,,,
AZE,3.7,0.5,0.8888888888888888,0.6666666666666666,0.0,0.0,0.0,0.7916666666666666,0.8181818181818182,1.0,1.0769230769230769,0.5333333333333333,1.0,1.0,1.0,0.42857142857142855,0.6666666666666666,0.42857142857142855,0.5,0.42857142857142855,0.5714285714285714,0.3333333333333333,1.0,0.8333333333333334,1.0275,1.0,0.8571428571428571,0.8333333333333334,1.0,0.8714285714285713,0.0,46.47089947,,,,
BDI,,0.0,0.0,0.0,0.0,0.0,0.0,0.0,0.0,0.0,0.15384615384615385,0.0,0.0,0.6666666666666666,0.0,0.14285714285714285,0.3333333333333333,0.2857142857142857,0.16666666666666666,0.2857142857142857,0.2857142857142857,0.0,0.0,0.08333333333333333,0.08333333333333333,0.0,0.14285714285714285,0.16666666666666666,0.0,0.5714285714285714,1.0,6.878306878,,,,
BEL,,0.3684210526315789,0.4444444444444444,0.06666666666666667,0.0,0.0,0.0,0.7916666666666666,0.6363636363636364,0.0,0.9230769230769231,0.6,1.0,1.6666666666666667,1.0,0.0,1.0,0.7142857142857143,0.0,0.0,0.7142857142857143,0.875,1.0,0.75,0.9166666666666666,1.0,0.14285714285714285,1.5274999999999999,1.0,1.1857142857142857,1.0,66.89153439,,,,4.49663768
BEN,0.2,0.23529411764705882,0.6666666666666666,0.26666666666666666,1.0,0.0,0.0,0.7647058823529411,0.3333333333333333,1.0,0.46153846153846156,0.4,1.0,1.5,1.0,0.14285714285714285,0.5,0.8571428571428571,0.0,0.14285714285714285,0.42857142857142855,0.625,1.0,0.6108333333333333,0.16666666666666666,1.0,0.7142857142857143,0.5,1.0,0.2857142857142857,0.0,16.4021164,,,,
BFA,,0.47368421052631576,0.7777777777777778,0.9666666666666667,1.0,1.0,0.05714285714285715,0.9583333333333334,0.45454545454545453,0.0,1.0769230769230769,0.8,1.0,1.6666666666666667,1.0,0.5714285714285714,0.3333333333333333,0.7142857142857143,0.6666666666666666,0.7142857142857143,0.5714285714285714,1.04125,1.0,1.0,0.7775,1.0,1.0235714285714286,0.08333333333333333,0.0,0.9714285714285714,1.0,12.43386243,,,,
BGD,1.6,0.10526315789473684,0.3333333333333333,0.3,1.0,1.0,0.19999999999999998,0.0,0.18181818181818182,0.0,0.9230769230769231,0.26666666666666666,1.0,1.0,1.0,0.0,0.3333333333333333,0.2857142857142857,0.0,0.2857142857142857,0.2857142857142857,0.9575,1.0,1.0,0.555,1.0,0.5714285714285714,0.16666666666666666,0.0,1.1142857142857143,1.0,47.60582011,,,,
BGR,3.6,,,,,,,,,,,,,,,,,,,,,,,,,,,,,,,41.40661376,,,,
BHR,3.4,0.0,0.0,0.0,0.0,0.0,0.0,0.0,0.0,0.0,0.5384615384615384,0.06666666666666667,0.0,1.0,0.0,0.0,1.0,0.0,0.0,0.0,0.42857142857142855,0.25,0.0,0.6933333333333334,0.5,0.0,0.5471428571428572,0.08333333333333333,0.0,0.6714285714285715,0.0,23.36243386,,,,
BHS,,,,,,,,,,,,,,,,,,,,,,,,,,,,,,,,26.50445326,,,,
BIH,,,,,,,,,,,,,,,,,,,,,,,,,,,,,,,,37.77720459,,,,
BLR,14.100000000000001,0.0,0.4444444444444444,0.43333333333333335,0.0,0.0,0.0,0.375,0.45454545454545453,0.0,0.7692307692307693,0.5333333333333333,0.0,1.0,0.0,0.0,0.3333333333333333,0.14285714285714285,0.16666666666666666,0.14285714285714285,0.2857142857142857,0.5,0.0,0.8883333333333333,0.5,0.0,0.0,1.055,0.0,1.3857142857142857,0.0,51.67195767,,,,10.0
BLZ,,0.631578947368421,0.2222222222222222,0.2,1.0,1.0,0.2857142857142857,0.041666666666666664,0.6363636363636364,0.0,0.6923076923076923,0.7333333333333333,1.0,1.3333333333333333,0.0,0.8571428571428571,0.8333333333333334,0.2857142857142857,0.8333333333333334,0.0,0.8571428571428571,1.16625,0.0,1.0833333333333333,1.1666666666666667,0.0,1.3571428571428572,1.1383333333333334,0.0,1.5142857142857142,1.0,18.95502646,,,,
BOL,,0.0,0.6666666666666666,0.16666666666666666,0.0,0.0,0.0,0.0,0.0,0.0,0.46153846153846156,0.2,0.0,0.5,0.0,0.0,0.5,0.0,0.6666666666666666,0.5714285714285714,0.0,0.5825,0.0,0.0,0.9441666666666667,0.0,0.5,0.0,0.0,0.42857142857142855,0.0,19.65608466,,,,
BRA,,1.0,0.7777777777777778,0.7666666666666667,1.0,0.0,0.2857142857142857,0.7083333333333334,0.6363636363636364,0.0,0.6153846153846154,0.6,0.0,1.0,0.0,0.0,1.0,1.0,1.0,1.0,1.0,1.25,1.0,1.0833333333333333,1.1666666666666667,1.0,1.3571428571428572,0.6666666666666666,1.0,1.5714285714285714,1.0,28.15343915,,,,
BRB,,0.0,0.0,0.0,0.0,0.0,0.0,0.041666666666666664,0.6363636363636364,0.0,0.46153846153846156,0.06666666666666667,1.0,1.0,1.0,0.2857142857142857,0.3333333333333333,0.42857142857142855,0.0,0.14285714285714285,0.42857142857142855,0.8325,1.0,1.0833333333333333,1.0833333333333333,1.0,0.6900000000000001,1.4166666666666667,1.0,1.2285714285714284,1.0,30.57142857,,0.26675135,,
BRN,,,,,,,,,,,,,,,,,,,,,,,,,,,,,,,,25.12716049,,,,
BTN,0.5,0.7368421052631579,0.7777777777777778,0.23333333333333334,0.0,0.0,0.0,0.5,0.36363636363636365,0.0,0.6153846153846154,0.2,1.0,1.5,1.0,0.42857142857142855,0.6666666666666666,0.42857142857142855,0.0,0.7142857142857143,0.7142857142857143,0.5825,1.0,0.6666666666666666,0.9166666666666666,1.0,0.7142857142857143,1.1383333333333334,1.0,1.157142857142857,1.0,36.2473545,,,,
BWA,1.85,0.5789473684210527,0.6666666666666666,0.0,1.0,1.0,0.42857142857142855,0.5,0.2727272727272727,0.0,0.8461538461538461,0.3333333333333333,1.0,1.6666666666666667,1.0,0.0,0.8333333333333334,0.42857142857142855,0.0,0.8571428571428571,0.5714285714285714,0.0,0.0,0.9166666666666666,0.7216666666666667,1.0,0.07142857142857142,0.5833333333333334,0.0,0.7857142857142857,1.0,16.19047619,,,,
CAF,,0.3684210526315789,0.3333333333333333,0.13333333333333333,1.0,0.0,0.05714285714285715,0.625,0.2727272727272727,1.0,0.5384615384615384,0.6,0.0,1.0,0.0,0.0,0.5,0.14285714285714285,0.16666666666666666,0.14285714285714285,0.7142857142857143,0.4575,0.0,0.5266666666666667,0.555,0.0,0.6900000000000001,1.3333333333333333,1.0,1.2857142857142858,1.0,19.31216931,,,,
CAN,,0.15789473684210525,0.0,0.0,0.0,0.0,0.0,0.125,0.45454545454545453,0.0,0.5384615384615384,0.26666666666666666,1.0,0.0,1.0,0.2857142857142857,0.5,0.0,0.3333333333333333,0.42857142857142855,0.5714285714285714,0.0,0.0,0.08333333333333333,0.08333333333333333,0.0,0.7142857142857143,0.16666666666666666,0.0,0.8428571428571429,1.0,55.08465609,,,,
CHE,9.95,0.0,0.0,0.0,0.0,0.0,0.2857142857142857,0.0,0.2727272727272727,0.0,1.0,0.4666666666666667,1.0,0.5,0.0,0.0,0.6666666666666666,0.0,0.0,0.0,0.8571428571428571,0.75,0.0,0.6666666666666666,0.8333333333333334,1.0,0.8571428571428571,0.6383333333333333,1.0,0.9857142857142858,1.0,57.85449735,,,,
CHL,,0.7368421052631579,0.8888888888888888,0.7666666666666667,0.0,0.0,0.0,1.0,0.9090909090909091,1.0,1.0769230769230769,0.5333333333333333,1.0,1.3333333333333333,1.0,0.42857142857142855,0.5,0.5714285714285714,0.6666666666666666,0.42857142857142855,0.5714285714285714,1.125,1.0,1.1383333333333334,1.1108333333333333,1.0,0.8807142857142857,1.3333333333333333,1.0,1.3571428571428572,1.0,41.22751323,,,,
CHN,,0.8421052631578947,1.0,0.8666666666666667,1.0,1.0,0.0,1.0,0.6363636363636364,1.0,1.1538461538461537,0.8,1.0,1.6666666666666667,1.0,0.5714285714285714,0.0,0.5714285714285714,0.5,0.7142857142857143,0.8571428571428571,1.125,1.0,0.75,1.0,1.0,1.2614285714285713,1.3333333333333333,1.0,1.5714285714285714,1.0,22.61904762,,,,
CIV,,0.75,0.0,0.0,0.0,0.0,0.0,0.08333333333333333,0.5714285714285714,0.0,0.38461538461538464,0.4666666666666667,,0.0,0.0,0.0,0.0,0.0,0.0,0.0,0.0,0.2857142857142857,0.0,0.0,0.16666666666666666,0.0,0.5714285714285714,0.4166666666666667,0.0,0.42857142857142855,1.0,29.01058201,,,,
CMR,0.1,,,,,,,,,,,,,,,,,,,,,,,,,,,,,,,19.88064374,,,,
COD,,0.7894736842105263,0.6666666666666666,0.3333333333333333,0.0,0.0,0.0,0.0,0.2727272727272727,0.0,0.6153846153846154,0.4666666666666667,0.0,1.0,0.0,0.0,0.5,0.0,0.0,0.2857142857142857,0.5714285714285714,0.7075,0.0,0.08333333333333333,0.08333333333333333,0.0,0.14285714285714285,1.0,1.0,0.8714285714285713,0.0,7.142857143,,,,
COG,0.7,0.0,0.0,0.0,0.0,0.0,0.0,0.25,0.09090909090909091,0.0,0.0,0.0,1.0,0.6666666666666666,1.0,0.0,0.5,0.5714285714285714,0.16666666666666666,0.14285714285714285,0.5714285714285714,0.125,0.0,0.75,0.8333333333333334,1.0,0.7142857142857143,0.0,0.0,0.7857142857142857,1.0,16.78835979,,,,
COK,,0.9473684210526315,0.8888888888888888,0.4666666666666667,1.0,0.0,0.4571428571428572,0.25,0.2727272727272727,0.0,1.0,0.06666666666666667,0.0,1.3333333333333333,0.0,0.42857142857142855,0.0,0.14285714285714285,0.8333333333333334,0.0,0.5714285714285714,0.125,0.0,0.9441666666666667,0.8608333333333333,0.0,1.1664285714285714,0.16666666666666666,0.0,1.2714285714285716,1.0,9.259259259,,,,
COL,,0.0,0.0,0.0,0.0,0.0,0.0,0.0,0.0,0.0,0.5384615384615384,0.06666666666666667,1.0,1.0,0.0,0.0,0.3333333333333333,0.0,0.0,0.2857142857142857,0.0,0.125,0.0,0.3333333333333333,0.0,0.0,0.0,1.0,0.0,0.0,0.0,50.3968254,,,,
COM,2.5,,,,,,,,,,,,,,,,,,,,,,,,,,,,,,,27.50515873,,,,
CPV,,0.10526315789473684,0.1111111111111111,0.0,1.0,0.0,0.0,0.0,0.0,0.0,0.46153846153846156,0.13333333333333333,1.0,1.5,1.0,0.0,0.0,0.0,0.0,0.42857142857142855,0.8571428571428571,0.125,0.0,0.16666666666666666,0.16666666666666666,0.0,0.8571428571428571,0.0,0.0,0.9571428571428572,0.0,32.94179894,,,,
CRI,33.2,0.5263157894736842,0.0,0.0,0.0,0.0,0.0,0.0,0.18181818181818182,0.0,0.6153846153846154,0.26666666666666666,1.0,0.6666666666666666,1.0,0.0,0.5,0.14285714285714285,0.0,0.0,0.14285714285714285,0.125,0.0,0.4166666666666667,0.08333333333333333,0.0,0.0,0.0,0.0,0.6428571428571429,1.0,39.6957672,,,,
CUB,,0.631578947368421,0.6666666666666666,0.0,0.0,0.0,0.0,0.7916666666666666,1.0,1.0,0.5384615384615384,0.6,1.0,1.3333333333333333,1.0,0.2857142857142857,0.6666666666666666,0.42857142857142855,0.5,0.5714285714285714,0.42857142857142855,0.75,1.0,0.4166666666666667,0.9166666666666666,0.0,0.8571428571428571,1.1666666666666667,1.0,1.2142857142857142,0.0,55.64285714,,,,
CYP,4.699999999999999,0.42105263157894735,0.5555555555555556,0.6,1.0,0.0,0.0,0.5,0.6363636363636364,0.0,0.5384615384615384,0.4,0.0,1.0,1.0,0.0,0.0,0.0,0.0,0.0,0.14285714285714285,0.0,0.0,0.8333333333333334,0.6383333333333333,1.0,1.0,1.0,1.0,1.0857142857142856,1.0,56.38888889,,,,
CZE,,0.0,0.0,0.0,0.0,0.0,0.0,0.6666666666666666,0.7272727272727273,0.0,0.6153846153846154,0.26666666666666666,0.0,1.0,0.0,0.0,0.0,0.0,0.0,0.0,0.42857142857142855,0.91625,1.0,0.8333333333333334,1.0,0.0,0.7857142857142857,0.8333333333333334,0.0,1.2142857142857142,0.0,80.33333333,,4.020729225,,14.775025432
DEU,23.5,0.47368421052631576,0.0,0.0,1.0,0.0,0.05714285714285715,0.0,0.0,0.0,0.46153846153846156,0.4,1.0,1.5,0.0,0.0,0.0,0.0,0.0,0.0,0.0,0.125,0.0,0.08333333333333333,0.8333333333333334,1.0,0.14285714285714285,0.5,1.0,0.07142857142857142,0.0,58.37566138,,,,
DJI,,,,,,,,,,,,,,,,,,,,,,,,,,,,,,,,21.09964727,,,,
DMA,,0.0,0.0,0.0,0.0,0.0,0.0,0.2916666666666667,0.2,0.0,0.15384615384615385,0.0,1.0,0.6666666666666666,1.0,0.0,0.0,0.0,0.0,0.0,0.0,0.0,0.0,0.0,0.0,0.0,0.07142857142857142,0.0,0.0,0.0,0.0,2.380952381,,,,
DNK,,0.3684210526315789,0.3333333333333333,0.0,1.0,1.0,0.2857142857142857,0.4583333333333333,0.7272727272727273,0.0,0.6923076923076923,0.9333333333333333,0.0,1.6666666666666667,1.0,0.0,0.0,0.0,0.0,0.0,0.0,0.75,1.0,0.6666666666666666,0.7216666666666667,0.0,1.19,1.2216666666666667,0.0,1.5142857142857142,0.0,49.91005291,,,,
DOM,0.1,0.0,0.6666666666666666,0.43333333333333335,0.0,0.0,0.0,0.0,0.0,0.0,0.6153846153846154,0.13333333333333333,0.0,1.0,0.0,0.0,0.6666666666666666,0.0,0.0,0.42857142857142855,0.14285714285714285,0.75,0.0,0.555,1.0,0.0,0.9521428571428572,1.4166666666666667,0.0,1.2857142857142858,0.0,34.48677249,,,,
DZA,0.2,,,,,,,,,,,,,,,,,,,,,,,,,,,,,,,37.70895062,,,,
ECU,,0.0,0.0,0.0,0.0,0.0,0.0,0.0,0.0,0.0,0.6153846153846154,0.26666666666666666,0.0,1.0,0.0,0.0,0.5,0.2857142857142857,0.3333333333333333,0.42857142857142855,0.2857142857142857,1.0,0.0,0.5833333333333334,0.44416666666666665,0.0,0.6185714285714285,0.8883333333333333,0.0,0.07142857142857142,0.0,49.25661376,,,,
EGY,1.8,0.0,0.8888888888888888,0.6666666666666666,0.0,0.0,0.0,0.0,0.0,0.0,0.46153846153846156,0.3333333333333333,1.0,1.5,0.0,0.0,0.16666666666666666,0.0,0.0,0.2857142857142857,0.5714285714285714,0.4575,0.0,0.8333333333333334,0.8333333333333334,0.0,1.0,0.0,0.0,0.8142857142857143,0.0,47.18518519,,,,
EMR,,,,,,,,,,,,,,,,,,,,,,,,,,,,,,,,31.100359,,,,
ERI,,,,,,,,,,,,,,,,,,,,,,,,,,,,,,,,20.18421517,,,,
ESP,,0.3684210526315789,0.2222222222222222,0.03333333333333333,0.0,0.0,0.0,0.0,0.09090909090909091,1.0,0.6153846153846154,0.4,1.0,0.5,0.0,0.0,0.0,0.0,0.0,0.0,0.0,0.125,0.0,0.7766666666666667,0.3333333333333333,0.0,0.6900000000000001,0.6383333333333333,0.0,1.0142857142857142,0.0,76.71957672,,,,
EST,,0.0,0.0,0.16666666666666666,0.0,0.0,0.0,0.0,0.45454545454545453,1.0,0.5384615384615384,0.13333333333333333,1.0,0.0,0.0,0.5714285714285714,0.0,0.0,1.0,0.0,0.8571428571428571,0.5,0.0,1.25,0.8608333333333333,1.0,1.0714285714285714,1.0833333333333333,0.0,1.3,1.0,38.1521164,,,,
ETH,,0.15789473684210525,0.0,0.0,0.0,0.0,0.0,0.2916666666666667,0.2727272727272727,0.0,0.6923076923076923,0.0,1.0,0.6666666666666666,1.0,0.0,0.3333333333333333,0.14285714285714285,0.16666666666666666,0.14285714285714285,0.2857142857142857,0.0,0.0,0.4716666666666667,0.38833333333333336,0.0,0.5471428571428572,1.1383333333333334,0.0,1.1428571428571428,1.0,30.46560847,,,,
EUR,,,,,,,,,,,,,,,,,,,,,,,,,,,,,,,,48.739357,,,,
FIN,26.4,0.631578947368421,0.2222222222222222,0.6,0.0,0.0,0.0,0.5789473684210527,0.5454545454545454,1.0,0.7692307692307693,0.2,1.0,0.6666666666666666,0.0,0.0,0.16666666666666666,0.42857142857142855,0.0,0.14285714285714285,0.42857142857142855,0.625,1.0,0.9716666666666667,1.1108333333333333,1.0,0.8571428571428571,0.6666666666666666,1.0,1.0857142857142856,1.0,69.54100529,,,,
FJI,,,,,,,,,,,,,,,,,,,,,,,,,,,,,,,,21.84766314,,,,
FRA,,0.15789473684210525,0.0,0.0,0.0,0.0,0.0,0.08333333333333333,0.6363636363636364,0.0,0.6923076923076923,0.8,0.0,1.3333333333333333,0.0,0.0,0.0,0.0,0.0,0.7142857142857143,0.0,0.0,0.0,0.0,0.3333333333333333,1.0,0.0,1.0833333333333333,1.0,0.07142857142857142,0.0,66.93121693,,,,
FSM,,0.0,0.8888888888888888,0.0,,,,,,0.0,0.6153846153846154,0.3333333333333333,0.0,0.5,0.0,0.0,0.0,0.0,0.0,0.0,0.0,0.79125,1.0,1.055,0.8608333333333333,1.0,0.7378571428571429,1.0,1.0,1.542857142857143,1.0,26.46560847,,,,
GAB,,,,,,,,,,,,,,,,,,,,,,,,,,,,,,,,19.45846561,,,,
GBR,,0.42105263157894735,0.8888888888888888,0.3333333333333333,0.0,0.0,0.0,0.5416666666666666,0.6363636363636364,0.0,0.5384615384615384,0.4666666666666667,1.0,1.3333333333333333,0.0,0.0,0.6666666666666666,0.5714285714285714,0.5,0.42857142857142855,0.7142857142857143,0.0,0.0,0.8883333333333333,1.0275,1.0,1.1664285714285714,0.0,0.0,0.9285714285714286,1.0,62.46296296,,,,
GEO,0.8999999999999999,0.15789473684210525,0.0,0.0,0.0,0.0,0.0,0.0,0.0,0.0,0.15384615384615385,0.0,0.0,0.6666666666666666,1.0,0.0,0.8333333333333334,0.7142857142857143,0.0,0.0,0.0,0.125,0.0,0.08333333333333333,0.08333333333333333,0.0,0.14285714285714285,0.16666666666666666,0.0,0.07142857142857142,0.0,15.34391534,,,,
GHA,,0.5789473684210527,0.6666666666666666,0.5,0.0,0.0,0.0,0.9166666666666666,0.8181818181818182,0.0,0.5384615384615384,0.5333333333333333,0.0,1.0,1.0,0.0,0.0,0.0,0.0,0.7142857142857143,0.14285714285714285,0.9575,1.0,0.8608333333333333,1.0,1.0,1.0714285714285714,1.4716666666666667,1.0,1.0714285714285714,1.0,42.28306878,,,,
GIN,0.2,,,,,,,,,,,,,,,,,,,,,,,,,,,,,,,24.28756614,,,,
GLOBAL,,,,,,,,,,,,,,,,,,,,,,,,,,,,,,,,34.275646,,,,
GMB,6.0,,,,,,,,,,,,,,,,,,,,,,,,,,,,,,,21.38796296,,,,
GNB,,,,,,,,,,,,,,,,,,,,,,,,,,,,,,,,18.35780423,,,,
GNQ,,,,,,,,,,,,,,,,,,,,,,,,,,,,,,,,18.50149912,,,,
GRC,3.3,0.42105263157894735,0.3333333333333333,0.0,0.0,0.0,0.0,0.5882352941176471,0.5714285714285714,0.0,0.5384615384615384,0.13333333333333333,1.0,0.6666666666666666,0.0,0.0,0.0,0.42857142857142855,0.0,0.0,0.5714285714285714,0.91625,1.0,0.9716666666666667,0.5,0.0,0.0,1.0,1.0,0.7142857142857143,1.0,61.46031746,,,,
GRD,,0.47368421052631576,0.7777777777777778,0.7666666666666667,1.0,0.0,0.0,0.5,0.7272727272727273,1.0,0.6923076923076923,0.6,1.0,1.3333333333333333,1.0,0.2857142857142857,0.5,0.2857142857142857,0.0,0.14285714285714285,0.7142857142857143,0.66625,0.0,0.75,0.805,1.0,0.7614285714285715,0.9166666666666666,1.0,0.6428571428571429,1.0,32.05291005,,3.463203463,,19.101816662
GTM,,0.21052631578947367,0.7777777777777778,0.0,0.0,0.0,0.0,0.5416666666666666,0.6363636363636364,0.0,0.46153846153846156,0.3333333333333333,1.0,0.0,1.0,0.0,0.16666666666666666,0.2857142857142857,0.0,0.14285714285714285,0.2857142857142857,0.25,0.0,0.9716666666666667,0.5,0.0,0.9521428571428572,1.25,1.0,1.0,0.0,16.62962963,,,,
GUY,,1.0,0.3333333333333333,0.8,0.0,0.0,0.0,0.5833333333333334,0.2727272727272727,1.0,0.6923076923076923,0.4666666666666667,0.0,0.5,0.0,0.0,0.5,0.0,0.0,0.0,0.8571428571428571,1.0825,0.0,1.0833333333333333,1.1666666666666667,0.0,1.0714285714285714,1.4166666666666667,0.0,1.2142857142857142,0.0,22.28042328,,,,
HND,,1.0,0.3333333333333333,0.4666666666666667,1.0,0.0,0.14285714285714285,0.3333333333333333,0.9090909090909091,0.0,0.8461538461538461,0.4666666666666667,0.0,1.3333333333333333,0.0,0.42857142857142855,1.0,1.0,1.0,1.0,1.0,0.125,0.0,1.0833333333333333,1.0833333333333333,0.0,1.3571428571428572,0.16666666666666666,0.0,1.2142857142857142,0.0,12.56613757,,,,
HRV,9.45,0.0,0.0,0.0,0.0,0.0,0.0,0.16666666666666666,0.0,0.0,0.6153846153846154,0.6,1.0,0.6666666666666666,0.0,0.0,0.5,0.14285714285714285,0.6666666666666666,0.14285714285714285,0.42857142857142855,0.75,0.0,0.8333333333333334,0.16666666666666666,0.0,0.2857142857142857,0.0,0.0,0.8571428571428571,1.0,54.63492064,,,,23.498815771
HTI,,,,,,,,,,,,,,,,,,,,,,,,,,,,,,,,17.38377425,,,,
HUN,9.9,0.15789473684210525,0.0,0.0,0.0,0.0,0.0,0.0,0.0,0.0,0.6153846153846154,0.4,1.0,1.0,1.0,0.0,0.0,0.14285714285714285,0.0,0.2857142857142857,0.14285714285714285,0.91625,1.0,0.6666666666666666,0.6666666666666666,1.0,0.07142857142857142,1.0275,1.0,1.2714285714285716,1.0,39.86243386,,,,
IDN,7.9,0.0,0.7777777777777778,0.3333333333333333,1.0,1.0,0.13333333333333333,0.5833333333333334,0.8,0.0,0.4166666666666667,0.4666666666666667,1.0,1.6666666666666667,0.0,0.0,0.16666666666666666,0.0,0.0,0.0,0.5714285714285714,0.38,0.0,0.9433333333333334,0.9433333333333334,0.0,0.7142857142857143,1.1666666666666667,0.0,0.14285714285714285,0.0,26.36640212,,,,
IND,0.6,0.6842105263157895,0.3333333333333333,0.0,1.0,0.0,0.2857142857142857,0.8333333333333334,0.7272727272727273,0.0,0.6923076923076923,0.9333333333333333,1.0,1.6666666666666667,0.0,0.0,0.0,0.0,0.0,0.0,0.0,1.125,1.0,1.1666666666666667,1.1666666666666667,1.0,1.3571428571428572,1.5,1.0,1.4285714285714286,1.0,36.18783069,,,,
IRL,17.799999999999997,0.10526315789473684,0.0,0.0,0.0,0.0,0.0,0.0,0.18181818181818182,0.0,0.6923076923076923,0.0,0.0,0.0,0.0,0.0,0.0,0.0,0.0,0.0,0.0,1.0,0.0,1.0833333333333333,1.1666666666666667,0.0,1.3571428571428572,0.0,0.0,1.0,0.0,48.43386243,,,,
IRN,0.7,0.05263157894736842,0.6666666666666666,0.26666666666666666,0.0,0.0,0.0,0.2916666666666667,0.5454545454545454,1.0,1.0769230769230769,0.6666666666666666,1.0,1.0,0.0,0.7142857142857143,1.0,0.8571428571428571,0.0,0.8571428571428571,0.7142857142857143,0.125,0.0,1.1383333333333334,0.9166666666666666,1.0,0.6428571428571429,0.08333333333333333,0.0,0.07142857142857142,0.0,52.75925926,,,,
IRQ,0.1,0.631578947368421,0.3333333333333333,0.0,1.0,0.0,0.14285714285714285,0.5416666666666666,1.0,0.0,0.5384615384615384,0.4,0.0,1.0,0.0,0.2857142857142857,0.0,0.0,0.8333333333333334,0.0,0.5714285714285714,0.125,0.0,0.61,0.9716666666666667,0.0,0.9042857142857142,0.16666666666666666,0.0,1.157142857142857,1.0,33.53439153,,,,
ISL,52.4,0.0,0.0,0.0,0.0,0.0,0.0,0.0,0.2727272727272727,0.0,0.8461538461538461,0.5333333333333333,1.0,1.3333333333333333,1.0,1.0,1.0,0.8571428571428571,1.0,0.8571428571428571,1.0,0.875,0.0,1.1666666666666667,1.1666666666666667,1.0,1.2857142857142858,1.5,1.0,1.4285714285714286,1.0,48.86904762,,4.191151054,,35.043383532
ISR,1.0,0.631578947368421,0.7777777777777778,0.43333333333333335,,,,0.4,0.9090909090909091,1.0,1.0769230769230769,0.6,1.0,1.5,1.0,0.0,0.16666666666666666,0.0,0.0,0.14285714285714285,0.42857142857142855,0.875,1.0,1.0,1.1108333333333333,1.0,1.3571428571428572,1.5833333333333333,1.0,1.4285714285714286,1.0,45.90740741,,,,
ITA,,0.631578947368421,0.8888888888888888,0.6,1.0,1.0,0.31428571428571433,0.375,0.45454545454545453,1.0,0.7692307692307693,0.4666666666666667,1.0,1.6666666666666667,1.0,0.42857142857142855,0.5,0.7142857142857143,0.5,0.5714285714285714,0.14285714285714285,0.0,0.0,1.1666666666666667,1.1666666666666667,1.0,1.2142857142857142,1.4166666666666667,1.0,1.5714285714285714,1.0,62.3015873,,9.976810063,26.605435162,
JAM,2.7,0.0,0.8888888888888888,0.0,0.0,0.0,0.0,0.25,0.0,0.0,0.15384615384615385,0.06666666666666667,1.0,1.0,1.0,0.0,0.16666666666666666,0.14285714285714285,0.0,0.14285714285714285,0.14285714285714285,0.125,0.0,0.08333333333333333,0.08333333333333333,0.0,0.14285714285714285,0.16666666666666666,0.0,0.0,0.0,20.28571429,,,,
JOR,,0.21052631578947367,0.0,0.0,0.0,0.0,0.0,0.3333333333333333,0.09090909090909091,0.0,1.0,0.2,1.0,0.6666666666666666,0.0,0.0,0.3333333333333333,0.0,0.0,0.14285714285714285,0.5714285714285714,0.125,0.0,0.0,0.555,1.0,0.7614285714285715,0.16666666666666666,0.0,0.6714285714285715,1.0,32.0978836,,,,
JPN,2.9000000000000004,0.17647058823529413,0.2222222222222222,0.06666666666666667,,,,1.0,0.75,0.0,1.0769230769230769,0.3333333333333333,1.0,1.6666666666666667,1.0,0.42857142857142855,0.8333333333333334,0.7142857142857143,0.8333333333333334,0.7142857142857143,0.7142857142857143,1.04125,1.0,0.8325,0.8608333333333333,1.0,0.7614285714285715,0.5833333333333334,1.0,1.2857142857142858,1.0,49.43386243,,,,
KAZ,,0.47368421052631576,0.5555555555555556,0.5333333333333333,0.0,0.0,0.0,0.7916666666666666,0.6363636363636364,1.0,0.6923076923076923,0.6,1.0,1.6666666666666667,1.0,0.0,0.6666666666666666,0.7142857142857143,0.0,0.5714285714285714,0.7142857142857143,0.91625,0.0,0.9716666666666667,1.0275,0.0,0.14285714285714285,0.16666666666666666,0.0,1.2,0.0,47.68518519,,,,
KEN,,0.6842105263157895,0.0,0.0,0.0,0.0,0.0,0.08333333333333333,0.0,0.0,0.7692307692307693,0.06666666666666667,1.0,0.6666666666666666,0.0,0.0,0.16666666666666666,0.2857142857142857,0.3333333333333333,0.14285714285714285,0.2857142857142857,0.0,0.0,0.3333333333333333,0.4166666666666667,1.0,0.0,0.0,0.0,0.7142857142857143,1.0,50.99206349,,,,
KGZ,5.2,0.0,0.8888888888888888,0.0,0.0,0.0,0.0,0.7916666666666666,1.0,0.0,0.7692307692307693,0.4666666666666667,0.0,1.3333333333333333,0.0,0.0,0.6666666666666666,0.8571428571428571,0.5,0.5714285714285714,0.7142857142857143,1.0,1.0,1.1666666666666667,1.0833333333333333,0.0,1.3571428571428572,0.0,0.0,1.5714285714285714,1.0,33.59656085,,,,
KHM,,0.0,0.0,0.0,0.0,0.0,0.0,0.20833333333333334,0.5454545454545454,0.0,0.9230769230769231,0.06666666666666667,0.0,1.3333333333333333,1.0,0.0,0.0,0.0,0.0,0.0,0.2857142857142857,0.0,0.0,0.7775,1.0275,1.0,0.8092857142857143,0.0,0.0,0.7000000000000001,1.0,29.45238095,,,,
KIR,,,,,,,,,,,,,,,,,,,,,,,,,,,,,,,,23.90555556,,,,
KNA,,0.0,0.0,0.0,0.0,0.0,0.0,0.0,0.0,0.0,0.6153846153846154,0.06666666666666667,1.0,0.6666666666666666,1.0,0.0,0.6666666666666666,0.42857142857142855,0.0,0.0,0.42857142857142855,0.0,0.0,0.0,0.0,0.0,0.0,0.0,0.0,0.07142857142857142,0.0,19.75132275,,,,
KOR,,0.5789473684210527,0.3333333333333333,0.26666666666666666,,,,0.6666666666666666,1.0,1.0,0.6923076923076923,0.8666666666666667,1.0,1.6666666666666667,0.0,0.42857142857142855,0.0,0.2857142857142857,0.0,0.0,0.7142857142857143,1.0,1.0,1.0,1.0,1.0,1.2857142857142858,1.055,1.0,1.157142857142857,1.0,26.85185185,,,,
KWT,,,,,,,,,,,,,,,,,,,,,,,,,,,,,,,,48.24012346,,,,
LAO,,,,,,,,,,,,,,,,,,,,,,,,,,,,,,,,33.85,,,,
LBN,,,,,,,,,,,,,,,,,,,,,,,,,,,,,,,,40.67698413,,,,
LBR,,0.7894736842105263,0.2222222222222222,0.0,1.0,0.0,0.4571428571428572,0.875,0.5454545454545454,0.0,0.6923076923076923,0.5333333333333333,0.0,1.3333333333333333,0.0,0.0,1.0,1.0,0.0,0.0,1.0,0.875,1.0,0.9433333333333334,0.08333333333333333,0.0,0.7614285714285715,1.4716666666666667,0.0,0.07142857142857142,0.0,30.55026455,,,,
LBY,,,,,,,,,,,,,,,,,,,,,,,,,,,,,,,,27.0425485,,,,
LCA,7.1,0.0,0.0,0.0,0.0,0.0,0.0,0.0,0.36363636363636365,0.0,0.5384615384615384,0.4666666666666667,1.0,0.0,1.0,0.0,1.0,0.0,0.0,0.0,1.0,0.5,1.0,0.5,0.7216666666666667,1.0,0.7142857142857143,1.0833333333333333,1.0,1.1428571428571428,1.0,19.17724868,,,,
LKA,2.3,0.5789473684210527,0.0,0.0,0.0,0.0,0.0,0.0,0.0,0.0,0.5384615384615384,0.06666666666666667,1.0,0.5,0.0,0.0,0.0,0.2857142857142857,0.0,0.14285714285714285,0.2857142857142857,0.375,1.0,0.08333333333333333,0.08333333333333333,0.0,0.6428571428571429,0.0,0.0,0.07142857142857142,0.0,52.87301587,,,,
LSO,1.7,,,,,,,,,,,,,,,,,,,,,,,,,,,,,,,17.95965609,,,,
LTU,8.8,0.47368421052631576,0.6666666666666666,0.13333333333333333,0.0,0.0,0.0,0.041666666666666664,0.45454545454545453,0.0,0.5384615384615384,0.06666666666666667,0.0,0.6666666666666666,0.0,0.0,0.0,0.0,0.0,0.0,0.0,0.5825,1.0,0.61,0.9716666666666667,1.0,0.5471428571428572,0.0,0.0,1.1714285714285713,0.0,29.26455027,,,,
LUX,,0.15789473684210525,0.8888888888888888,0.26666666666666666,0.0,0.0,0.0,0.2631578947368421,0.7272727272727273,1.0,0.6923076923076923,0.8,1.0,1.3333333333333333,1.0,0.14285714285714285,0.0,0.2857142857142857,0.16666666666666666,0.5714285714285714,0.42857142857142855,1.04125,1.0,0.5833333333333334,1.0833333333333333,0.0,1.2142857142857142,0.16666666666666666,0.0,1.4428571428571428,1.0,24.47089947,,,,
LVA,17.3,0.0,0.0,0.0,0.0,0.0,0.0,0.0,0.0,0.0,0.38461538461538464,0.06666666666666667,0.0,1.0,0.0,0.0,0.0,0.0,0.0,0.0,0.0,0.375,0.0,0.0,0.0,0.0,0.0,0.0,0.0,0.0,0.0,57.49206349,,,2.104949133,
MAR,0.6,0.3157894736842105,0.6666666666666666,0.5,1.0,0.0,0.31428571428571433,0.7083333333333334,0.36363636363636365,1.0,0.6923076923076923,0.8666666666666667,0.0,1.6666666666666667,1.0,0.0,0.0,0.0,0.0,0.0,0.42857142857142855,0.75,0.0,0.6933333333333334,1.1108333333333333,1.0,0.9042857142857142,0.4166666666666667,1.0,1.0,1.0,47.11375661,,7.082152975,,
MCO,,0.21052631578947367,0.0,0.4,0.0,0.0,0.0,0.3333333333333333,0.36363636363636365,1.0,0.5384615384615384,0.2,1.0,1.0,0.0,0.0,0.3333333333333333,0.42857142857142855,0.0,0.0,0.2857142857142857,0.5714285714285714,0.0,0.8333333333333334,0.5,1.0,1.0,0.6941666666666667,1.0,0.07142857142857142,0.0,50.92592593,,,,
MDA,15.95,0.8947368421052632,0.8888888888888888,0.7666666666666667,1.0,0.0,0.34285714285714286,1.0,0.5454545454545454,1.0,0.6153846153846154,0.7333333333333333,0.0,1.3333333333333333,0.0,0.8571428571428571,0.8333333333333334,0.8571428571428571,1.0,0.14285714285714285,0.8571428571428571,1.25,1.0,1.0833333333333333,1.1666666666666667,0.0,1.3571428571428572,1.4166666666666667,1.0,1.5,0.0,67.66931217,,2.955607477,,2.231152372
MDG,0.6,,,,,,,,,,,,,,,,,,,,,,,,,,,,,,,31.43959436,,,,
MDV,,,,,,,,,,,,,,,,,,,,,,,,,,,,,,,,42.21772487,,,,
MEX,21.7,0.15789473684210525,0.0,0.0,0.0,0.0,0.0,0.5416666666666666,0.2727272727272727,0.0,0.15384615384615385,0.06666666666666667,1.0,1.0,0.0,0.0,0.3333333333333333,0.0,0.0,0.0,0.42857142857142855,0.125,0.0,0.08333333333333333,0.08333333333333333,0.0,0.14285714285714285,0.4166666666666667,0.0,0.07142857142857142,0.0,30.65079365,,,,
MHL,,,,,,,,,,,,,,,,,,,,,,,,,,,,,,,,24.35185185,,,,
MKD,,0.5789473684210527,1.0,0.2,0.0,0.0,0.0,0.4583333333333333,0.5454545454545454,0.0,0.9230769230769231,0.4,1.0,0.6666666666666666,1.0,0.0,1.0,0.2857142857142857,0.6666666666666666,0.2857142857142857,0.42857142857142855,0.91625,1.0,1.1383333333333334,0.8608333333333333,1.0,0.14285714285714285,0.9166666666666666,1.0,1.1857142857142857,1.0,43.86904762,,,,
MLI,0.65,0.47368421052631576,0.0,0.5333333333333333,1.0,0.0,0.42857142857142855,0.75,0.36363636363636365,0.0,0.3076923076923077,0.0,1.0,0.0,1.0,0.0,1.0,0.8571428571428571,0.8333333333333334,1.0,0.8571428571428571,1.25,1.0,0.5,0.6666666666666666,0.0,0.5714285714285714,1.4716666666666667,0.0,1.1428571428571428,0.0,7.407407407,,,,
MLT,8.25,0.0,0.4444444444444444,0.4666666666666667,0.0,0.0,0.0,0.20833333333333334,0.2727272727272727,0.0,0.8461538461538461,0.4,1.0,1.0,0.0,0.0,0.3333333333333333,0.14285714285714285,0.0,0.2857142857142857,0.14285714285714285,0.75,1.0,0.4166666666666667,0.6666666666666666,1.0,0.7142857142857143,0.5,1.0,0.5714285714285714,1.0,54.36507937,,,,
MMR,,0.42105263157894735,0.0,0.0,1.0,0.0,0.0,1.0,0.5454545454545454,0.0,0.6153846153846154,0.6,1.0,1.0,1.0,0.0,0.5,1.0,0.5,0.2857142857142857,1.0,1.16625,1.0,1.055,1.0275,1.0,0.7142857142857143,0.8883333333333333,1.0,1.042857142857143,1.0,30.19047619,,,,
MNE,3.05,,,,,,,,,,,,,,,,,,,,,,,,,,,,,,,39.87420635,,,,
MNG,3.8,0.6842105263157895,0.5555555555555556,0.16666666666666666,0.0,0.0,0.0,0.0,0.09090909090909091,0.0,0.6153846153846154,0.26666666666666666,0.0,0.6666666666666666,1.0,0.42857142857142855,0.0,0.0,0.0,0.0,0.5714285714285714,0.91625,1.0,0.44416666666666665,0.7216666666666667,0.0,0.9042857142857142,0.16666666666666666,0.0,1.157142857142857,1.0,53.84259259,,3.182839414,,0.324424123
MOZ,,0.5789473684210527,0.6666666666666666,0.0,1.0,1.0,0.39999999999999997,0.5416666666666666,0.7272727272727273,1.0,0.6153846153846154,0.06666666666666667,1.0,1.6666666666666667,0.0,0.0,0.0,0.0,0.0,0.2857142857142857,0.2857142857142857,0.7075,1.0,0.9166666666666666,0.75,1.0,0.595,1.2216666666666667,1.0,1.0714285714285714,1.0,21.56084656,,,,
MRT,,,,,,,,,,,,,,,,,,,,,,,,,,,,,,,,17.0845679,,,,
MUS,11.75,,,,,,,,,,,,,,,,,,,,,,,,,,,,,,,31.14819224,,,,
MWI,2.2,,,,,,,,,,,,,,,,,,,,,,,,,,,,,,,25.03421517,,,,
MYS,,0.5263157894736842,0.0,0.0,0.0,0.0,0.0,0.20833333333333334,0.36363636363636365,0.0,0.15384615384615385,0.0,1.0,1.0,1.0,0.0,0.5,0.2857142857142857,0.16666666666666666,0.2857142857142857,0.2857142857142857,0.125,0.0,0.08333333333333333,0.08333333333333333,0.0,0.14285714285714285,0.16666666666666666,0.0,0.07142857142857142,0.0,55.43650794,,,,
NAM,16.85,,,,,,,,,,,,,,,,,,,,,,,,,,,,,,,21.17544092,,,,
NER,,,,,,,,,,,,,,,,,,,,,,,,,,,,,,,,23.23963845,,,,
NGA,,0.0,0.0,0.0,0.0,0.0,0.0,0.20833333333333334,0.0,0.0,0.6923076923076923,0.26666666666666666,1.0,1.0,1.0,0.0,0.3333333333333333,0.14285714285714285,0.0,0.14285714285714285,0.14285714285714285,0.25,1.0,0.7766666666666667,0.8608333333333333,1.0,0.5714285714285714,0.0,0.0,1.2,1.0,8.399470899,,,,
NIC,,0.5789473684210527,0.0,0.0,0.0,0.0,0.0,0.2916666666666667,0.18181818181818182,0.0,0.5384615384615384,0.2,0.0,1.0,0.0,0.0,0.0,0.8571428571428571,0.0,0.7142857142857143,0.8571428571428571,0.625,1.0,0.25,0.08333333333333333,0.0,0.14285714285714285,0.4716666666666667,1.0,0.35714285714285715,0.0,58.2010582,,0.571571613,7.367066307,
NIU,,,,,,,,,,,,,,,,,,,,,,,,,,,,,,,,26.69126984,,,,
NLD,12.7,0.6842105263157895,0.5555555555555556,0.0,1.0,1.0,0.0,0.625,0.5454545454545454,0.0,0.15384615384615385,0.06666666666666667,1.0,1.6666666666666667,1.0,0.8571428571428571,0.6666666666666666,1.0,0.6666666666666666,0.14285714285714285,0.8571428571428571,0.75,1.0,1.25,0.9166666666666666,1.0,0.8571428571428571,1.1108333333333333,1.0,1.2857142857142858,1.0,70.15343915,20.041520698,13.824685257,,
NOR,33.9,0.25,0.6666666666666666,0.5333333333333333,0.0,0.0,0.0,0.0,0.0,1.0,0.6153846153846154,0.2,1.0,1.0,1.0,0.0,0.3333333333333333,0.0,0.0,0.0,0.14285714285714285,0.125,0.0,0.08333333333333333,0.08333333333333333,0.0,0.14285714285714285,0.6666666666666666,1.0,0.5714285714285714,1.0,47.8994709,,,,
NPL,1.6,0.0,0.2222222222222222,0.03333333333333333,0.0,0.0,0.0,1.0,0.8181818181818182,1.0,0.7692307692307693,0.26666666666666666,1.0,1.6666666666666667,1.0,0.2857142857142857,0.5,0.42857142857142855,0.16666666666666666,0.2857142857142857,0.42857142857142855,0.0,0.0,1.1383333333333334,0.25,1.0,0.7614285714285715,0.4166666666666667,0.0,1.2857142857142858,1.0,20.80952381,,,,
NRU,,,,,,,,,,,,,,,,,,,,,,,,,,,,,,,,24.63853616,,,,
NZL,,0.0,0.6666666666666666,0.5,0.0,0.0,0.0,0.16666666666666666,0.0,1.0,0.5384615384615384,0.3333333333333333,1.0,0.0,0.0,0.0,0.16666666666666666,0.14285714285714285,0.0,0.14285714285714285,0.14285714285714285,0.0,0.0,0.75,0.0,0.0,0.8807142857142857,0.0,0.0,0.2571428571428572,0.0,43.96296296,,,,
OMN,0.25,0.3157894736842105,0.0,0.1,0.0,0.0,0.0,0.21052631578947367,0.2727272727272727,1.0,0.6923076923076923,0.3333333333333333,1.0,1.0,0.0,0.0,0.3333333333333333,0.14285714285714285,0.16666666666666666,0.14285714285714285,0.2857142857142857,1.0,0.0,0.6108333333333333,0.08333333333333333,0.0,0.5714285714285714,1.25,1.0,0.5714285714285714,1.0,45.63227513,,,,
PAK,,0.7368421052631579,0.0,0.8,1.0,1.0,0.4857142857142857,0.5,0.8181818181818182,1.0,0.5384615384615384,0.8,0.0,1.3333333333333333,0.0,0.8571428571428571,0.0,0.7142857142857143,0.8333333333333334,0.0,0.8571428571428571,1.16625,1.0,1.0833333333333333,1.1666666666666667,0.0,1.0471428571428572,1.2216666666666667,1.0,1.3571428571428572,1.0,6.740740741,,,,
PAN,,0.2631578947368421,0.5555555555555556,0.2,1.0,0.0,0.0,0.7916666666666666,1.0,0.0,0.6923076923076923,0.9333333333333333,1.0,1.0,1.0,0.0,0.3333333333333333,0.2857142857142857,0.0,0.7142857142857143,0.8571428571428571,0.75,1.0,1.055,0.9441666666666667,0.0,0.0,0.16666666666666666,0.0,0.7142857142857143,0.0,15.53439153,,,,
PER,,0.0,0.0,0.0,0.0,0.0,0.0,0.0,0.0,0.0,0.8461538461538461,0.06666666666666667,0.0,1.5,0.0,0.0,0.16666666666666666,0.0,0.0,0.14285714285714285,0.7142857142857143,0.25,0.0,0.4166666666666667,1.1108333333333333,0.0,0.8092857142857143,0.0,0.0,0.7142857142857143,0.0,31.97354497,,,,
PHL,8.0,0.8421052631578947,0.2222222222222222,0.5333333333333333,1.0,0.0,0.2857142857142857,0.9166666666666666,0.6363636363636364,1.0,0.6923076923076923,0.8666666666666667,1.0,1.6666666666666667,1.0,0.0,0.0,0.8571428571428571,0.0,0.0,1.0,1.04125,1.0,1.0833333333333333,1.1666666666666667,1.0,1.3571428571428572,1.5833333333333333,0.0,1.5142857142857142,1.0,28.36507937,,,,
PLW,45.0,,,,,,,,,,,,,,,,,,,,,,,,,,,,,,,32.30736332,,,,
PNG,1.5,0.3157894736842105,0.0,0.0,0.0,1.0,0.05714285714285715,0.375,0.09090909090909091,0.0,0.8461538461538461,0.2,1.0,0.6666666666666666,1.0,0.0,0.3333333333333333,0.0,0.0,0.42857142857142855,0.42857142857142855,0.5,1.0,0.9441666666666667,0.8883333333333333,1.0,0.6185714285714285,1.2775,1.0,1.3571428571428572,1.0,18.91534392,,,,
POL,15.05,0.7368421052631579,0.1111111111111111,0.4,,,,,,0.0,0.5384615384615384,0.4,1.0,1.0,1.0,0.0,0.16666666666666666,0.5714285714285714,0.0,0.0,0.8571428571428571,0.91625,1.0,0.9716666666666667,0.9441666666666667,1.0,0.6428571428571429,0.5833333333333334,1.0,0.9857142857142858,1.0,15.18518519,,,,
PRK,,,,,,,,,,,,,,,,,,,,,,,,,,,,,,,,34.96935626,,,,
PRT,,0.9473684210526315,1.0,0.7666666666666667,0.0,0.0,0.0,0.8333333333333334,0.7272727272727273,1.0,0.7692307692307693,0.2,1.0,1.0,1.0,0.0,0.16666666666666666,0.2857142857142857,0.0,0.0,0.5714285714285714,0.91625,1.0,0.9166666666666666,0.9441666666666667,1.0,0.8571428571428571,1.5274999999999999,1.0,1.4142857142857144,1.0,79.15343915,,,,
PRY,2.4,0.5789473684210527,0.7777777777777778,0.4666666666666667,0.0,0.0,0.0,0.625,0.5454545454545454,1.0,1.1538461538461537,0.5333333333333333,1.0,1.6666666666666667,1.0,0.0,0.3333333333333333,0.14285714285714285,0.0,0.2857142857142857,0.14285714285714285,0.75,0.0,1.0,1.0833333333333333,1.0,1.1428571428571428,1.4166666666666667,1.0,1.4285714285714286,0.0,24.05555556,,,,
QAT,,0.05263157894736842,0.0,0.0,0.0,0.0,0.0,0.3333333333333333,0.45454545454545453,0.0,0.5384615384615384,0.13333333333333333,1.0,1.0,1.0,0.0,0.0,0.0,0.0,0.0,0.7142857142857143,0.0,0.0,1.055,0.3333333333333333,1.0,0.7142857142857143,0.0,0.0,0.5,1.0,24.50396825,,,,
ROU,,0.47368421052631576,0.3333333333333333,0.26666666666666666,1.0,0.0,0.39999999999999997,0.2916666666666667,0.5454545454545454,0.0,0.6923076923076923,0.6666666666666666,0.0,1.6666666666666667,0.0,0.42857142857142855,0.0,0.0,0.5,0.7142857142857143,0.5714285714285714,1.125,1.0,1.0,1.1666666666666667,0.0,1.3571428571428572,1.1666666666666667,1.0,1.5714285714285714,0.0,22.83862434,,,,
RUS,19.4,0.0,0.0,0.0,0.0,0.0,0.0,0.4583333333333333,0.5454545454545454,0.0,0.8461538461538461,0.13333333333333333,0.0,1.3333333333333333,1.0,0.0,0.8333333333333334,0.7142857142857143,0.3333333333333333,0.8571428571428571,0.7142857142857143,1.125,1.0,0.75,0.9166666666666666,1.0,1.0,1.25,1.0,1.0857142857142856,1.0,40.96825397,,,,
RWA,,1.0526315789473684,1.0,0.6666666666666666,0.0,0.0,0.0,0.4583333333333333,0.2727272727272727,1.0,0.7692307692307693,0.13333333333333333,0.0,1.0,0.0,0.0,0.8333333333333334,0.7142857142857143,0.6666666666666666,0.14285714285714285,0.2857142857142857,0.8325,0.0,1.1383333333333334,1.1108333333333333,0.0,0.8571428571428571,1.25,0.0,1.0714285714285714,0.0,53.52645503,,,,
SAU,2.4,0.0,0.0,0.0,0.0,0.0,0.0,0.0,0.09090909090909091,0.0,0.15384615384615385,0.0,0.0,0.6666666666666666,1.0,0.0,0.8333333333333334,0.42857142857142855,0.0,0.0,0.2857142857142857,0.125,0.0,0.08333333333333333,0.0,0.0,0.07142857142857142,0.16666666666666666,0.0,0.5357142857142857,1.0,33.74603175,,3.176902279,,19.816891502
SDN,,0.631578947368421,0.3333333333333333,0.0,1.0,1.0,0.14285714285714285,0.75,0.8181818181818182,0.0,0.6153846153846154,0.5333333333333333,1.0,0.6666666666666666,1.0,1.0,1.0,0.8571428571428571,0.8333333333333334,1.0,0.8571428571428571,1.25,1.0,1.0,1.1666666666666667,0.0,1.3571428571428572,1.4166666666666667,1.0,1.3571428571428572,1.0,16.97354497,,,,
SEAR,,,,,,,,,,,,,,,,,,,,,,,,,,,,,,,,37.51615,,,,
SEN,,0.0,0.0,0.0,0.0,0.0,0.0,0.0,0.0,0.0,0.15384615384615385,0.0,0.0,0.6666666666666666,0.0,0.0,0.0,0.0,0.0,0.0,0.0,0.125,0.0,0.2775,0.08333333333333333,0.0,0.0,0.8883333333333333,0.0,0.0,0.0,24.76851852,,,,
SGP,,0.15789473684210525,0.2222222222222222,0.06666666666666667,0.0,0.0,0.0,0.375,0.18181818181818182,0.0,0.38461538461538464,0.06666666666666667,0.0,0.0,0.0,0.0,0.3333333333333333,0.7142857142857143,0.5,0.42857142857142855,0.7142857142857143,0.0,0.0,0.6666666666666666,0.3333333333333333,0.0,0.0,0.0,0.0,0.35714285714285715,0.0,30.54497355,,,,
SLB,,,,,,,,,,,,,,,,,,,,,,,,,,,,,,,,15.26393298,,,,
SLE,1.1,0.0,0.0,0.0,0.0,0.0,0.0,0.0,0.0,0.0,0.7692307692307693,0.06666666666666667,0.0,0.5,0.0,0.0,0.0,0.0,0.0,0.0,0.7142857142857143,0.125,0.0,0.08333333333333333,1.055,1.0,0.14285714285714285,0.5833333333333334,0.0,1.0857142857142856,1.0,5.423280423,,,,
SLV,0.7,0.15789473684210525,0.2222222222222222,0.0,0.0,0.0,0.0,0.0,0.09090909090909091,0.0,0.5384615384615384,0.2,1.0,0.6666666666666666,1.0,0.0,0.6666666666666666,0.42857142857142855,0.0,0.0,0.5714285714285714,0.125,0.0,0.08333333333333333,0.3333333333333333,1.0,0.14285714285714285,0.4716666666666667,1.0,0.07142857142857142,0.0,13.82275132,,,,
SMR,,0.0,0.0,0.0,0.0,0.0,0.0,0.0,0.18181818181818182,0.0,0.15384615384615385,0.0,0.0,0.6666666666666666,0.0,0.0,0.0,0.0,0.0,0.0,0.0,0.0,0.0,0.0,0.0,0.0,0.0,0.0,0.0,0.0,0.0,26.19047619,,,,
SOM,,0.5263157894736842,0.6666666666666666,0.13333333333333333,0.0,0.0,0.0,0.4166666666666667,0.8181818181818182,0.0,1.0769230769230769,0.5333333333333333,1.0,0.6666666666666666,0.0,0.0,0.3333333333333333,0.0,0.0,0.5714285714285714,0.7142857142857143,1.0,1.0,0.61,1.1666666666666667,1.0,1.2142857142857142,1.3333333333333333,1.0,1.3714285714285714,1.0,1.058201058,,,,
SRB,1.4,0.6842105263157895,0.2222222222222222,0.0,0.0,0.0,0.0,0.625,0.7272727272727273,0.0,0.7692307692307693,0.9333333333333333,1.0,1.6666666666666667,0.0,0.0,0.6666666666666666,0.14285714285714285,0.5,0.5714285714285714,0.2857142857142857,0.125,0.0,0.6666666666666666,1.055,0.0,1.3571428571428572,0.16666666666666666,0.0,1.1,1.0,21.38359788,,,,
SSD,,0.47368421052631576,0.3333333333333333,0.3333333333333333,0.0,0.0,0.0,0.3333333333333333,0.6363636363636364,1.0,0.46153846153846156,0.3333333333333333,1.0,1.3333333333333333,1.0,0.0,0.3333333333333333,0.14285714285714285,0.3333333333333333,0.2857142857142857,0.14285714285714285,0.125,0.0,0.8883333333333333,0.7775,1.0,0.14285714285714285,0.16666666666666666,0.0,1.1142857142857143,1.0,9.259259259,,,,
STP,,,,,,,,,,,,,,,,,,,,,,,,,,,,,,,,21.5452381,,,,
SUR,,0.5789473684210527,0.0,0.0,0.0,0.0,0.0,0.0,0.18181818181818182,0.0,0.5384615384615384,0.0,0.0,,0.0,0.0,0.0,0.0,0.0,0.0,0.8571428571428571,0.375,0.0,0.6666666666666666,1.1108333333333333,0.0,0.14285714285714285,0.5,0.0,0.7142857142857143,0.0,27.51058201,,,,
SVK,,0.10526315789473684,0.1111111111111111,0.0,1.0,1.0,0.14285714285714285,0.25,0.5454545454545454,0.0,0.8461538461538461,0.5333333333333333,1.0,1.3333333333333333,1.0,0.0,0.16666666666666666,0.14285714285714285,0.0,0.0,0.0,0.75,1.0,0.16666666666666666,0.38833333333333336,0.0,0.5714285714285714,0.38833333333333336,1.0,1.0142857142857142,1.0,47.67724868,,5.294879228,8.41128759,
SVN,12.25,0.6842105263157895,0.4444444444444444,0.8333333333333334,1.0,1.0,0.42857142857142855,1.0,0.8181818181818182,1.0,0.8461538461538461,0.9333333333333333,1.0,1.3333333333333333,0.0,0.2857142857142857,0.3333333333333333,0.7142857142857143,0.5,0.2857142857142857,0.7142857142857143,1.16625,0.0,0.555,1.0833333333333333,0.0,0.8328571428571429,1.1383333333333334,0.0,1.2285714285714284,0.0,54.86772487,,,,
SWE,,0.0,0.0,0.0,1.0,1.0,0.14285714285714285,0.5,0.5454545454545454,0.0,0.6153846153846154,0.5333333333333333,1.0,1.3333333333333333,1.0,0.2857142857142857,0.5,0.5714285714285714,0.6666666666666666,0.14285714285714285,0.5714285714285714,0.79125,0.0,0.7216666666666667,0.555,1.0,0.9042857142857142,0.4716666666666667,1.0,1.1714285714285713,0.0,74.6031746,,,,35.427615733
SWZ,,0.05263157894736842,0.5555555555555556,0.0,0.0,0.0,0.0,0.25,0.18181818181818182,0.0,0.7692307692307693,0.06666666666666667,0.0,0.0,0.0,0.0,0.0,0.0,0.0,0.0,0.0,0.125,0.0,0.7216666666666667,0.5833333333333334,1.0,0.5235714285714286,0.16666666666666666,0.0,0.7142857142857143,1.0,23.48941799,,,,
SYC,28.6,0.0,0.0,0.0,1.0,0.0,0.0,0.0,0.18181818181818182,0.0,0.9230769230769231,0.06666666666666667,0.0,0.5,0.0,0.0,1.0,0.5714285714285714,0.0,0.0,0.0,0.125,0.0,0.08333333333333333,0.08333333333333333,0.0,0.14285714285714285,0.16666666666666666,0.0,0.07142857142857142,0.0,42.77777778,,,,
SYR,0.4,0.7368421052631579,0.4444444444444444,0.7333333333333333,0.0,0.0,0.0,0.2916666666666667,0.2727272727272727,0.0,0.6923076923076923,0.4666666666666667,1.0,1.3333333333333333,1.0,0.0,0.5,0.5714285714285714,0.0,0.42857142857142855,0.5714285714285714,0.91625,1.0,1.0833333333333333,0.9441666666666667,0.0,0.7614285714285715,1.1666666666666667,0.0,1.2142857142857142,0.0,35.02380952,,,,
TCD,,0.631578947368421,0.0,0.0,1.0,0.0,0.2857142857142857,0.3333333333333333,0.18181818181818182,0.0,0.6923076923076923,0.8,1.0,1.3333333333333333,1.0,0.5714285714285714,1.0,0.14285714285714285,0.8333333333333334,0.14285714285714285,0.8571428571428571,1.0825,0.0,1.25,1.0,1.0,1.3571428571428572,1.4716666666666667,1.0,1.3857142857142857,1.0,10.71428571,,,,
TGO,0.4,,,,,,,,,,,,,,,,,,,,,,,,,,,,,,,24.15868607,,,,
THA,,0.2631578947368421,0.7777777777777778,0.0,1.0,0.0,0.0,0.35,0.36363636363636365,0.0,0.5384615384615384,0.4666666666666667,0.0,1.0,0.0,0.0,0.3333333333333333,0.5714285714285714,0.0,0.0,0.5714285714285714,0.125,0.0,1.0833333333333333,0.08333333333333333,0.0,0.5714285714285714,0.5833333333333334,1.0,0.5,0.0,57.01058201,,,,
TJK,2.75,0.5263157894736842,0.6666666666666666,0.0,0.0,0.0,0.0,0.5416666666666666,0.2727272727272727,0.0,0.9230769230769231,0.6,1.0,1.3333333333333333,1.0,0.0,0.6666666666666666,0.42857142857142855,0.0,0.2857142857142857,0.42857142857142855,0.625,1.0,1.055,1.0275,1.0,0.8807142857142857,0.805,1.0,1.1285714285714286,1.0,72.88095238,,1.265136454,,3.431192339
TKM,,0.8421052631578947,0.2222222222222222,0.3,1.0,0.0,0.2857142857142857,0.7083333333333334,0.2727272727272727,1.0,0.6923076923076923,0.2,0.0,1.3333333333333333,1.0,0.0,1.0,0.8571428571428571,1.0,1.0,1.0,1.125,0.0,1.0,1.0,0.0,1.1185714285714285,0.8333333333333334,1.0,1.4785714285714284,1.0,36.41798942,,,,
TLS,,,,,,,,,,,,,,,,,,,,,,,,,,,,,,,,28.19955908,,,,
TON,,0.0,0.7777777777777778,0.13333333333333333,0.0,0.0,0.0,0.625,0.36363636363636365,1.0,0.9230769230769231,0.06666666666666667,1.0,1.0,1.0,0.0,0.5,0.2857142857142857,0.0,0.14285714285714285,0.2857142857142857,0.7075,1.0,0.3333333333333333,0.8883333333333333,1.0,0.14285714285714285,0.805,1.0,0.07142857142857142,0.0,31.74603175,,,,
TTO,,,,,,,,,,,,,,,,,,,,,,,,,,,,,,,,33.0707672,,,,
TUN,0.3,0.21052631578947367,0.0,0.0,0.0,0.0,0.0,0.0,0.0,0.0,0.6153846153846154,0.06666666666666667,0.0,1.0,0.0,0.0,0.5,0.0,0.0,0.0,1.0,0.125,0.0,0.6383333333333333,0.6941666666666667,0.0,0.0,0.16666666666666666,0.0,0.8428571428571429,0.0,14.41798942,,,,
TUR,6.7,0.2631578947368421,0.0,0.0,0.0,0.0,0.0,0.625,0.45454545454545453,0.0,0.6923076923076923,0.26666666666666666,1.0,1.3333333333333333,0.0,0.0,0.0,0.0,0.0,0.0,0.0,0.125,0.0,0.0,0.2775,1.0,0.7378571428571429,1.0275,1.0,1.0714285714285714,1.0,61.13756614,,1.413434601,,
TUV,,,,,,,,,,,,,,,,,,,,,,,,,,,,,,,,28.71071429,,,,
TZA,,0.0,0.8888888888888888,0.8666666666666667,0.0,0.0,0.0,0.25,0.6363636363636364,0.0,0.8461538461538461,0.2,0.0,1.0,0.0,0.2857142857142857,0.5,0.42857142857142855,0.6666666666666666,0.42857142857142855,0.5714285714285714,0.75,0.0,0.9716666666666667,1.0833333333333333,0.0,0.8328571428571429,0.16666666666666666,0.0,1.2857142857142858,0.0,46.08862434,,,,
UGA,0.4,0.6842105263157895,0.8888888888888888,0.7666666666666667,1.0,0.0,0.4571428571428572,0.4,0.5454545454545454,0.0,1.0769230769230769,0.6,1.0,1.3333333333333333,1.0,0.7142857142857143,1.0,0.2857142857142857,1.0,0.5714285714285714,0.8571428571428571,1.16625,1.0,0.8883333333333333,0.9441666666666667,1.0,1.0,0.08333333333333333,0.0,0.9857142857142858,1.0,16.00396825,,,,
UKR,13.2,0.21052631578947367,0.0,0.0,0.0,0.0,0.0,0.0,0.0,0.0,0.15384615384615385,0.06666666666666667,0.0,1.0,0.0,0.0,0.3333333333333333,0.0,0.0,0.14285714285714285,0.0,0.125,0.0,0.38833333333333336,0.08333333333333333,0.0,0.14285714285714285,0.0,0.0,0.32142857142857145,1.0,52.98677249,,10.609566881,,8.044144982
URY,7.2,0.15789473684210525,0.6666666666666666,0.6666666666666666,1.0,0.0,0.34285714285714286,0.5833333333333334,0.45454545454545453,1.0,0.5384615384615384,0.5333333333333333,0.0,0.6666666666666666,1.0,0.0,0.8333333333333334,0.5714285714285714,0.16666666666666666,0.7142857142857143,0.5714285714285714,1.125,1.0,1.0833333333333333,0.8333333333333334,1.0,0.9042857142857142,0.805,1.0,1.2428571428571427,0.0,22.51322751,,,,
USA,,,,,,,,,,,,,,,,,,,,,,,,,,,,,,,,54.17614638,,,,
UZB,6.4,,,,,,,,,,,,,,,,,,,,,,,,,,,,,,,43.11803351,,,,
VCT,,0.631578947368421,0.2222222222222222,0.5666666666666667,1.0,0.0,0.0,0.25,0.45454545454545453,0.0,0.46153846153846156,0.4666666666666667,0.0,1.6666666666666667,1.0,0.42857142857142855,0.6666666666666666,0.42857142857142855,0.6666666666666666,0.5714285714285714,0.42857142857142855,0.125,0.0,0.75,0.6666666666666666,0.0,0.595,0.805,0.0,0.7142857142857143,0.0,3.173280423,,,,
VEN,1.8,,,,,,,,,,,,,,,,,,,,,,,,,,,,,,,27.7782187,,,,
VNM,,0.9473684210526315,0.0,0.8,0.0,0.0,0.0,0.75,0.6363636363636364,0.0,0.6923076923076923,0.5333333333333333,1.0,1.6666666666666667,0.0,1.0,0.0,0.8571428571428571,1.0,1.0,0.8571428571428571,1.125,1.0,1.0833333333333333,1.1666666666666667,0.0,1.3571428571428572,1.4166666666666667,0.0,1.2857142857142858,1.0,26.33730159,,,,
VUT,,0.0,0.0,0.0,0.0,0.0,0.0,0.4583333333333333,0.2727272727272727,0.0,0.7692307692307693,0.2,0.0,1.3333333333333333,0.0,0.0,0.3333333333333333,0.0,0.0,0.2857142857142857,0.0,0.0,0.0,1.0,0.8333333333333334,0.0,0.9285714285714286,0.75,0.0,0.8571428571428571,0.0,6.481481481,,,,
WPR,,,,,,,,,,,,,,,,,,,,,,,,,,,,,,,,29.703398,,,,
WSM,,,,,,,,,,,,,,,,,,,,,,,,,,,,,,,,24.94850088,,,,
YEM,,,,,,,,,,,,,,,,,,,,,,,,,,,,,,,,17.00141094,,,,
ZAF,,0.9473684210526315,0.6666666666666666,0.23333333333333334,1.0,1.0,0.39999999999999997,0.3333333333333333,0.2727272727272727,0.0,0.7692307692307693,0.26666666666666666,1.0,1.6666666666666667,1.0,0.7142857142857143,0.0,0.7142857142857143,1.0,0.8571428571428571,0.7142857142857143,0.9575,0.0,1.1666666666666667,0.555,1.0,1.2142857142857142,0.16666666666666666,0.0,1.2428571428571427,1.0,53.58465609,,,,
ZMB,0.95,0.2631578947368421,0.0,0.3333333333333333,0.0,0.0,0.0,0.125,0.2727272727272727,0.0,0.7692307692307693,0.4666666666666667,1.0,0.6666666666666666,1.0,0.2857142857142857,0.3333333333333333,0.0,0.6666666666666666,0.42857142857142855,0.8571428571428571,0.3325,0.0,0.0,0.0,0.0,0.5,1.3333333333333333,0.0,1.157142857142857,0.0,21.11904762,,,,
ZWE,,0.10526315789473684,0.0,0.0,0.0,0.0,0.0,0.3333333333333333,0.5454545454545454,0.0,0.38461538461538464,0.2,1.0,1.0,1.0,0.0,0.16666666666666666,0.14285714285714285,0.0,0.2857142857142857,0.14285714285714285,0.91625,1.0,1.0833333333333333,0.5833333333333334,0.0,0.7614285714285715,0.38833333333333336,0.0,0.5285714285714286,1.0,41.3994709,,,,
